0;created_at;full_text
1;21/01/2023;kalau diChevron safety tidak bisa ditawar ,kalau Konoha safety bisa di86 kan sangat jauh perbedaannya 
2;21/01/2023;bahkan ada anniversary nya, 10 tahun tanpa insiden 20 tahun tanpa insiden, ini pertamina kek nya tiap tahun insiden wkwkw
3;21/01/2023;setuju dari zaman caltex sampai chevron safety no 1
4;21/01/2023;Nah betul, kluarga ada disana kerja. Agak berbeda skarang, baik dari segi tunjangan, safty dll
5;21/01/2023;apa lgi d prusahan china,safetynya cm formalitas doank bg
6;21/01/2023;ya betul tukang sapu jalan aja pake safty  dan pake helm kalau chevron naik mobil pickup aja gak boleh ada penumpang di bak blakang..
7;21/01/2023;perusahaan swasta itu knp safety good karena mereka ad saham dunia. jangan kan fatality, oil spill aja bisa merugi mereka.
8;21/01/2023;yg penting progres progres dan progres
9;22/01/2023;cina mah manjat gedung tinggi 30 m,di scafolding mna ada pake safety tali
10;22/01/2023;scafolding bg
11;22/01/2023;ini sih valid 
12;21/01/2023;beda jauh cevron dan pertamina,sepertinya baik di kelola asing dari pada di kelola bumn.
13;21/01/2023;iya bagus asing memang bos karna kalok sama orng asing lamaran kerja gak pakek nyogok
14;22/01/2023;bener
15;11/04/2023;betul
16;21/01/2023;"bedah jauh bg sma sefty cevron,mes krja bgus"" smua keaman kerja no1. tpi sjk Pertamina yg megang mes ya pun tenda biru."
17;21/01/2023;sefety itu , ga menghasilkan uang, tapi sangat fatal jika diabaikan.
18;21/01/2023;bener bgt tuh bg. aq d Riau da lbh 25 Thun jdi tau dikit kinerja mulai dri Caltex,smpai d pegang cevron.
19;21/01/2023;kok bisa perusahaan besar kebanggaan bangsa safety nya minus
20;21/01/2023;bukan kok bisa..emang segitulah bisanya pt lokal
21;21/01/2023;kalo chevron hutan paling dijaga, gak sembarangan tebang pohon
22;21/01/2023;Chevron memanusiakan manusia
23;21/01/2023;sefty phr beda kelas
24;21/01/2023;jauh bedalah dengan chevron
25;21/01/2023;safety PHR masih mengadaptasi dengan chevron malah terasa lebih baik dan sudah direalisasikan Dgn baik
26;21/01/2023;tingga si pekerja aja mengimplementasikan dan peduli terhadap keselamata dia dan rekan kerja nya
27;21/01/2023;betul bg malah skrg dlokasi kadang djaga sm 2 wsm /wsr krn banyak helm ijo. ada hes specialist juga.
28;21/01/2023;accident kena boom crane sampai skrg krn alasannya pencahayaan kurang dozer buat moving dr lokasi lama ke baru gak boleh malam hari
29;21/01/2023;accident djalan raya krn mobil rusak, kabinnya diangkat dan pas cek kerusakan tiba2 ditabrak kabinnya sehingga kabin jatuh dan kena leher korban
30;21/01/2023;yg sakit kena serangan jantung klo ada dapat sharingnya bisa tau kok alasannya meninggal krn apa bukan salah phr juga 
31;21/01/2023;yg terbaru dminas itu pdahal ngangkat fosv pake air hoist.air hoist kan ada safety latch. dan juga dibelakangnya bisa buat buka kunci safety latch tad
32;21/01/2023;biar aja mereka investigasi hasilnya krn skrg kan drig2 udah ada CCTV yg online langsung ke phr nya
33;21/01/2023;iya benarprasaan ga ada beda Hse ttp sama deh..sama2 dbwah naungan skk migas juga.balik lg ke individu masing masing safety krjanya dipakai atau tidak
34;21/01/2023;beda jauh ya
35;21/01/2023;jelas lah beda 
36;21/01/2023;padahal orangnya ex chevron juga tuh. apa karna beda logo saja
37;21/01/2023;lebih bagus jaman Chevron.. karyawan atau mitra kerjanya di perhatikan..klu Pertamina selalu pandai pandai
38;22/01/2023;betul
39;21/01/2023;itu sdh waktunya gk ada yg bisa d slahkn
40;21/01/2023;Tuhan kasih otak kita untuk berfikir, berikhtiar.
41;21/01/2023;tapi bisa di hindari,karena safety first
42;21/01/2023;ya kalo di implementasikan di lapangan ngapain pake safety officer, semua sudah ajalnya gausah di cegah dan dimonitor gitu ya
43;21/01/2023;dengar baik2 6 yg mninggal krn faktor umur dan SaKit. 1 nya baru karena mninggal di lapangan kerja. jd ga bs jd acuan kurangnya safety
44;21/01/2023;ya sakitnya krn kecelakaan kerja
45;21/01/2023;hahah dgar baik2 ad telinga kan? cm 1 yg kclakaan krja. klo soal Hess safety krja dr chevron-PHR itu sma. msh sma2 dbwah pngawasan skk migas 
46;22/01/2023;semua safety udh di sarankan utk di gunakan... jd tergantung kita.. semua sudah di training kan kok... jd dmn slah nya, pertamina.. pengen tau...
47;22/01/2023;lah kan benr aq blg, ga ad beda dr caltex/chevron/PHR hse safety nya ttp sma aja koq.balik lg ke individu msing2 gmn pnggunan di lapangan.
48;21/01/2023;ayok lah bapak² penguasa kembalikan Chevron lagi... soalnya terasa sekali
49;21/01/2023;Beda Lah. Chevron Mengutamakan Keselamatan Karyawan nya. Itu Pasti.
50;21/01/2023;sistem coboy kah 2 tahun sampe 7 fatality 
51;21/01/2023;tau sama tau aja bg,sekarang selagi gada phr atau cctv coboy lah
52;22/01/2023;masa company man nya coboy juga 
53;29/01/2023;kan udah di ambil alih juga bang secara Adminitrasi pindah ke pihak PHR...
54;29/01/2023;iya maksudnya sekelas PHR kok banyak insident gitu loh
55;21/01/2023;Itulah bedanya
56;21/01/2023;AKIBAT HSE NYA PAKAI ORANG DALAM
57;21/01/2023;manajemen K3 nya patut di pertanyakan
58;29/01/2023;chevron jika ada insiden fatality maka bisa shutdown lama buat investigasi.kmaren dapat kabar ada yg tertimpa block hook RIG
59;11/04/2023;iya bener banget
60;22/01/2023;saya tinggal di riau dulu jaman Chevron yang pegang demi apa masuk. kawasan mereka asri banget
61;11/04/2023;skrg udh kek hutan belantara ..
62;21/01/2023;di caltex maupun chevron, kurang 1 Apd saja, dilarang kerja. begitu lah standar mereka menghargai keselamatan pekerjanya.
63;22/01/2023;itu bukan kurang APD, ditimpa sama fosv mau pake apd apa yg bisa nahannya?
64;21/01/2023;beda kelas
65;21/01/2023;dan PHR menyebut itu bukan kecelakaan kerja tetapi meninggal akibat sakit..kan lawak
66;21/01/2023;ga bro yg terakhir dpn mata gw itu karna kelalaian
67;21/01/2023;ceritain bg
68;21/01/2023;marga Simamora yg terakhir yg meninggal itu bg
69;21/01/2023;iya bang aku tau..aku dapat info di grup kerja & grup kontraktor. tapi PHR mengelak dan mengatakan itu meninggal karena sakit,semuanya.
70;21/01/2023;dl pernah jd org HES di salah satu kontraktor CPI kalo fatality begini Minas, Duri, PetKo, Dumai SWA smua stand down meeting smua skrng gak tau deh
71;22/01/2023;masih kok bang, gak hanya fatality, incident sekecil apapun yang berbahaya kita tetan stand down meeting
72;22/01/2023;siap bg safety
73;21/01/2023;putra daerah semua yg bekerja disitu ,orang luar daerah seperti orang jawa Dan suku lainya ngak bisa Masuk ,knapa ya 
74;22/01/2023;kenapa ya
75;21/01/2023;yg tau tau aja
76;22/01/2023;Wkwkkw
77;21/01/2023;Skkwkw sma tau lah .. safety nya 
78;22/01/2023;safety first kurang
79;21/01/2023;orang Indonesia GK sama dgn Eropa orang Eropa Septy meman mantap orang kita gk
80;24/01/2023;turut berduka cita untuk korban, kedepannya tolong lebih hati-hati lagi utamakan keselamatan dalam bekerja
81;21/01/2023;beda kelas
82;21/01/2023;Rig 11 berduka
83;21/01/2023;zaman jd sub nya chevron dulu mesti 1 minggu induction safety.
84;25/01/2023; investigasi mendalam by Disnaker pandai pulak anak² honor rig ttg HSE drpd yg mulia tuan Disnaker buncit² itu.
85;21/01/2023;di Indonesia Peraturan Untuk dilanggar. Larangan Adalah Perintah.
86;21/01/2023;ngga ada yang dilanggar juga bang, karna lagi massive aja.
87;21/01/2023;all about safety
88;21/01/2023;udh minim tuh yg nama nya safety hemat budget biaya uang keluar
89;21/01/2023;beda kelas
90;21/01/2023;kalau ibaratkan safty. PHR kayak anak kecil dibanding chevron 
91;21/01/2023;minas punya cerita
92;21/01/2023;Beda kelas
93;21/01/2023;duh siapa pulak yang men viral kan ini inniii parah ni
94;21/01/2023;Sangat tertarik
95;21/01/2023;wow..loh kok bisa
96;21/01/2023;Tapi sudah INTERNASIONAL
97;21/01/2023;Jelas bedaaa level nya
98;21/01/2023;Inpo org dalam
99;21/01/2023;mana bisa dibandingkan dengan pertakonohe..standar percincaian vs internasional.
100;21/01/2023;pnting nya k3 di perusahaan
101;21/01/2023;knapa ya phr memperbanyak RIG di sana?
102;21/01/2023;kalo Chevron dulu safety no. 1 sedangkan PHR Produksi no. 1
103;21/01/2023;Selama masih dipegang caltex dan chevron, belum pernah dengar kecelakaan kerja 
104;21/01/2023;Chevron safety firts,pengawai adalah harta yang paling berharga
105;21/01/2023;itu lah bedanya perusahaan luar dengan negri sendiri .padahal baru beberapa hari udah ada insiden lagi
106;21/01/2023;Chevron safety no1
107;21/01/2023;24 taun hidup di lingkungan chevron, prinsip safety tetap terimplementasi dalam kehidupan sehari”
108;21/01/2023;namany jg udh indonesia yg megang
109;21/01/2023;udh lebih dari 7 kali
110;22/01/2023;ingat no 1 tu SafetyFirts, jgn hny kejar target  mudah mudahan kedepannya tidak ada lagi accident yg terjadi
111;22/01/2023;safety first
112;22/01/2023;kawan kerja aku yang baru ini 
113;22/01/2023;kawan aku yang baru ini  astaga tuhan gak nyangka kali aku
114;22/01/2023;kami atas nama redaksi riauin.com turut berduka cita mendalam.  semoga tdk ada lg korban² berikutnya Krn kelalaian
115;22/01/2023;oh umur 22 thn ya ? fresh graduate dong 
116;22/01/2023;setuju
117;22/01/2023;biasa lah main 86
118;22/01/2023;zaman Chevron, kerjakan dengan selamat atau tidak sama sekali, sekarang, kerja kerja kerja, ga mau kerja masih banyak yg mau kerja
119;22/01/2023;di ambil pertamania malah harga melonjak jauh bukannya lebih baik karena di ambil alih sndiri
120;22/01/2023;itu blm lagi tender sub kontraktor
121;22/01/2023; selalu Sefty bro waktu kerja
122;22/01/2023;iyo siap bro
123;22/01/2023;sudah jelas beda kelas chevron dan pertamina
124;22/01/2023;siapa aja namanya  rilis dong 
125;22/01/2023;sabar ya, pasti segera tayang itu nama²nya. betul kan min
126;22/01/2023;beda kelas , standard amerika , California dengan Indonesia
127;22/01/2023;jauh beda kelas.. konoha yg menguasai
128;22/01/2023;anak Offshore nyimak
129;22/01/2023;safety kurang gmn ni
130;22/01/2023;semenjak PHR anak Riau susah masuk kerja.
131;22/01/2023;Yang ketujuh sih YTTA saya kebetulan di kontraktor PHR juga, jadi ya begitulah
132;22/01/2023;mau asing atau bumn sama2 gk kerasa hasil nya. beda nya pekerja lebih nyaman sama asing karna gaji sesuai kerjaan 
133;22/01/2023;ini akibat kontrak yg murah, jd kontraktor nya, klu barang nya rusak, susah untuk pergantian barang2 yg rusak...
134;22/01/2023;Hahaha safety nya kurang itu… beda ama chevron
135;23/01/2023;tagline nya caltex safety first
136;24/01/2023;sdh biasa kl kita kerja di tambang apalg ngebor minyak bnyk hal yg kasat mata ikut nimbrung megawe makanya sll safety dan rajin berdoa
137;21/01/2023;Beda Kelas
138;21/01/2023;Pertamina 
139;27/01/2023;karna adanya insiden fatality.. seperty drop objek tertimpa blok crane boom 5 ton . dan meninggal serangan jantung. terakhir tertimpa FOSV..
140;28/01/2023;hancur K3 nya bos 
141;21/01/2023;ada apa yaaa
142;30/01/2023;k3 gaji buta boss
143;01/02/2023;dijambi petro-rokan juga sering ada kecelakaan ....
144;28/02/2023;safety first tak berlaku diwakanda....tau sendiri lah yang pernah dimigas area TOTAL,vico,chevron,BP
145;12/03/2023;K3 di perusahaan Indonesia itu rata rata cuma fromalitas
146;10/04/2023;HSE nya tuh....
147;11/04/2023;hasil limbah aja mereka gak sembarangan meninggalkan
148;11/04/2023;kalau chevron
149;27/02/2023;"semenjak gk sama chevron lagi, banyak bgt korban"" nya, apakah gerangan?"
150;27/02/2023;standar safetynya chevron tinggi banget bro, bahkan di perumahan karyawannya aja diterapin
151;27/02/2023;beda standar keselamatan nya mungkin
152;27/02/2023;karena safety nya perusahaan indonesia masih rendah..
153;27/02/2023;ga sembarang orang masuk ke lingkungan itu
154;27/02/2023;gw rasa iya juga
155;27/02/2023;true bro
156;27/02/2023;iya bener tu bro
157;27/02/2023;bener, udah 5 kecelakaan
158;27/02/2023;sepemikiran
159;28/02/2023;kayanya gak punya departmen SHE
160;02/03/2023;lebih murah bro
161;02/03/2023;bukan 5, insiden 8 atau 9 dengan korban jiwa 10 orang
162;03/03/2023;banyak banget ternyata. makasihh udah ngelurusin
163;27/02/2023;slogan chevron kerjakan dgn selamat atau tidak sama sekali. utamakan safety. trut berduka buat keluarga korban
164;27/02/2023;do it safely or nothing at all, sudah ga ada lagi bang
165;02/03/2023;kalau dulu Cevron memang gitu bang tapi sekarang sudah BUMN
166;27/02/2023;Maaf itu bukan chevron
167;27/02/2023;chevron udah gak ada
168;27/02/2023;ganti jadi pertamina langsung keok 
169;01/03/2023;Skrg dipegang pertamina bang bukan chevron lagi
170;01/03/2023;yang nama Ade iLham kk
171;02/03/2023;itulah bg,harusnya standard BUMN kita harus lebih safety
172;25/02/2023;Ada apa dengan pengawasan dan penerapakan pada perusahaan-perusahan di Riau?
173;27/02/2023;kalau urusan keselamatan kerja, Chevron Pasific Indonesia juaranya
174;27/02/2023;udah gak heran kakak kalau gak safety bukan indo namanya
175;27/02/2023;emng betul saya ngalami ikut sebagai subkon,ketat banget safetynya
176;27/02/2023;mksd nya safety bukan indo, apa gak safety bukan indo 
177;27/02/2023;ini rekaman cctvnya fyp kemarin sore, yang 2 orang mau nolongin tapi tak kunjung naik juga
178;27/02/2023;iya 
179;27/02/2023;untuk korban semoga husnul khotimah
180;27/02/2023;salah satu orang yg nolongin adalah tetangga saya semoga beliau Husnul khotimah 
181;27/02/2023;info warga duri bg
182;27/02/2023;negaracerdas Nih Bg
183;27/02/2023;lupa nama akunnya bang
184;27/02/2023;nonton di cakaplah.official
185;27/02/2023;nonton dimana bg
186;27/02/2023;aminn semoga husnul khotimah ka
187;27/02/2023;gas H2S mematikan,kenapa pekerja tidak pakai portable gas detector.
188;28/02/2023;hemat budget mungkin kan
189;27/02/2023;personal gas detector
190;28/02/2023;entah JSA nya gmna entah juga HSE nya gimana
191;29/03/2023;minimal cek dulu dgn Gas Detector & jika masuk pakai SCBA, wajib hukumnya safety.
192;09/04/2023;kadang gas detector itu suka telat bang bnyk ko kejadiannya pernah jg kan di tambang bawah tanah udah dicek aman baru beberapa langkah langsung mati
193;27/02/2023;jd ingat oom.dulu kerja di caltex skrg chevron kan kok udah jd pertamina ya gmana ceritantanya
194;27/02/2023;Semua akan pertamina pada waktunya wkwk badak bontang otw
195;27/02/2023;sini kita cerita mulai dari awal
196;27/02/2023;duduk yg manis jgn lupa kopi 2gelas
197;27/02/2023;Saya tidak tau yg mulia 
198;27/02/2023;bener bngt
199;09/04/2023;Mau bg di critain hhe
200;27/02/2023;kirain yg 2 orang nolongin itu selamat. Ternyata
201;27/02/2023;Iya kasihan
202;27/02/2023;perusahaan kaleng kaleng kok bisa dapat projeck di perusahaan minyak
203;27/02/2023;ya biasalah pak 
204;26/02/2023;salah satu dari tiga orang itu ada om ku,,yang seniornya
205;26/02/2023;g satunya lagi ipar saya 
206;27/02/2023;yang mana tu kak?
207;25/02/2023;hilang deh sertifikat CSMSnya itu PT
208;27/02/2023;ah yg bener 
209;27/02/2023;selama ada duit aman
210;01/03/2023;Nah betul, harusnya kerja ci confined space wajib gas test dulu
211;27/02/2023;hanya perusahaan eropa amerika' yang bagus dari segi safety .perusahaan lokal yang penting cuan 
212;27/02/2023;eropa amerika berani bayar mahal untuk K3nya ya ka 
213;27/02/2023;iya makanya kalau kerja di perusahaan itu pasti bahagia banget
214;25/02/2023;standard safety utk confined space tdk jalan
215;28/02/2023;Bedaaa doonk, slogan cevron kerjakan dngan selamat atau tidak sama sekali
216;01/03/2023;Confine Space procedure nya kemana?
217;27/02/2023;hayo loh k3 safety nya kmna nih,
218;27/02/2023;HES nya kmn?? jangan bilang lagi duduk ngopi di warung.
219;27/02/2023;seharusnya check kadar oksigen atau gas sebelum memasuki tanki, begitu juga kita kalo kerja dikapal sebelum memasuki tanki
220;27/02/2023;pertamina nih boss kwkwkwkw
221;27/02/2023;PHR lagi, udah brp fatality semenjak di ambil alih dr chevron 
222;27/02/2023;udah emang the best safety nya Chevron kalau gini mah..kerja kan dengan selamat atau tidak sama sekali , utamakan safety karyawan wahai Pertamina
223;25/02/2023;That is confined space, you guys should follow the procedure.
224;02/03/2023;kembalikan chevron.. kangen chevron
225;27/02/2023;namya enclosespce sblm masuk harus di cek dulu udara di dlm ruangan nya ,ga bisa smbrng masuk
226;27/02/2023;jaman CHevron jarang² ada insiden fatality ini setahun ini udah banyak fatality
227;27/02/2023;Yg berdua mau menyelamatkan korban prtama ,,, msuk kdlam jga, eh korban jdi nambah....
228;25/02/2023;cleaningtank diluar prosedur, seharusnya gasfeee 3 hari 3 malam supaya metana hilang dalam tanki
229;27/02/2023;K3 Safety first nya kmn
230;27/02/2023;Zaman chevron sangat minim karena tingkat safetynya sangat tinggi
231;01/03/2023;Confined Space Portable Gas Detector JSA checked Turut prihatin HSE Team
232;27/02/2023;ini K3 nya mana
233;27/02/2023;kemana ni HSE nya
234;27/02/2023;dulu waktu di kelola Chevron aku ga pernah dengar kasus gini sih ,ntah aku yg ga tau atau gimana
235;27/02/2023;Chevron itu menurut safety di industri oil gas, comp no1 dunia urusan safety, jgn dibandingkan dgn comp sekelas pertamina lah
236;27/02/2023;Perusahaan sebesar ini?
237;27/02/2023;enak jaman cevron intinya
238;27/02/2023;lebih baik kembali ke chevron
239;27/02/2023;baru aja di bahas pas lagi toolbox meeting pagi
240;27/02/2023;duh begtu sulitkah perusahaan besar.. menyediakkan APD untuk pekerja.a,. ap lg limbah hrs check dlu ad gas beracun/ tdk baru mulai pembersihan
241;27/02/2023;K3 pasti memberikan TBM sebelum bekerja tapi ini lalaikan APD terkadang di lapangan pekerja mengabaikannya
242;27/02/2023;ya benrrr terkadang kita yang melalaikan dan angap sepele keselamatan..semua nya pasti sudah di papar panjang lebar sebelum bekerja..
243;27/02/2023;ya, maksudnya! terapkan seperti Chevron
244;27/02/2023;sop kerja di ruangan terbatas itu kan ad prosedur ny, sblum kerja hrus paham bayaha dn resiko
245;27/02/2023;"SDM bagian K3 nya kita blum siap Kya nya... masih menganut sytem ""ah aman tuh"" masih cuek dengan K3, d kantor gw aja, bersihkan kaca kantor d lt3 gak"
246;27/02/2023;pakai safety cuma modal pakai kain lap sama semprot'an kaca, padahal injakan beton luar nya cuma 50 cm,
247;27/02/2023;k3 nya auto panik
248;27/02/2023;Pertamina mana ada k3 perusahaan lokal, kalo Chevron pengawasan k3 ketat karena safety bagi perusahaan barat itu nomor 1
249;01/03/2023;kalo di TOTAL kalo tak punya sertifikat confined space, tak boleh kerja kita didalam container tank limbah.wajib ada
250;27/02/2023;k3 hanya sekedar Sertifikat dan Formalitas
251;27/02/2023;Koq bisa? PTW nya ada ga? JSA dan Gas Detection ngga dilakukan?
252;27/02/2023;Unauthorized works?
253;27/02/2023;tanya saja sama bu bidan
254;27/02/2023;harus pakai oxygenmeter
255;27/02/2023;bumn nih boss
256;27/02/2023;liat video rekaman cctv nya ,yg 2 org temannya mau nolongin trnyta mlh meninggal juga 
257;27/02/2023;liat nya dimana teh
258;27/02/2023;liat diakun org td lewat diberanda
259;27/02/2023;hadeh perusahaan gmna si, kok smpe trjdi korban
260;27/02/2023;SOPnya gmn...
261;27/02/2023;dulu saat masih chevron sangat jarang terjadi kecelakaan kerja sejak sm pertamina dah sering padahal baru 2 tahun di ambil alih
262;27/02/2023;pentingnya pengecekan free gas di enclosed space area
263;27/02/2023;ohh tahun lalu
264;27/02/2023;td baru fyp rekaman nya gak tega liatnya udah berjuang naik tp krna lemas jd masuk lagi 
265;27/02/2023;penerapan masuk confined spacenya mana nih, pada lupa sepertinya. Yaa Allah 
266;27/02/2023;woi sekarang 2023 bukan 2022. kok kejadian nya 2022.
267;27/02/2023;HELLO Chevron
268;27/02/2023;Pertamina oi...udah di ambil alih .
269;27/02/2023;td baru liat cctv ny kawan me bantu malah jd korban juga
270;27/02/2023;3 org ya, kira aku 1 org yg 2 org nyelamatin, ya Allah semoga Khusnul khatimah 
271;27/02/2023;gk tega lho liat ftonya dan videonya, temen suami wktu skolah
272;27/02/2023;sudah saat nya tidak memakai produk merah
273;27/02/2023;up terus. jgn sampe hilang kasusnya
274;27/02/2023;calon suami ku lg kerja lapangan juga yaallah semoga selalu dalam lindunganmu
275;27/02/2023;@cakaplah.official video lengkap nya
276;27/02/2023;Padahal yg 2 org tu mw nolongin yg pertama
277;27/02/2023;Safety first 
278;27/02/2023;kirain PT. PPLI mandoge
279;27/02/2023;innailahi waiinailahi rojiun, semoga Almarhum diterima di sisi Allah swt yang paling baikk, dan perusahaan bertanggung jawab atas safety karyawan
280;27/02/2023;SOP nya gmana sekelas pertamina loh
281;27/02/2023;husnul khotimah
282;27/02/2023;semoga mereka husnul khotimah 
283;27/02/2023;udah tau gas bracun knpa ga di kasi masker kusus
284;27/02/2023;3 orang aja masih kena. SOP?
285;27/02/2023;anjr itu PT PPLI ada di daerah Kab. Bogor, kalo ujan beuh baunya MasyaAllah banget, bau busuk bikin pusing wkwk
286;27/02/2023;Waduhh masuk tanpa gas detector terlebih dahulu
287;27/02/2023;selalu gunakan masker saat masuk ruang tebatas dan cek kadar oksigen didalam
288;27/02/2023;itu yang nyelametin udah makai masker tapi ikut meninggal juga
289;27/02/2023;rokan hulu
290;27/02/2023;di VT sebelumnya jelas. pertama 1 karyawan jatoh lalu 2 org karyawan nolongin,. lah nyusul lah 2 org itu
291;27/02/2023;kasihan banget ya Allah aku liat mayatnya
292;27/02/2023;2023 min
293;27/02/2023;memang Di riau Banyak kasus kecelakaan Dalam kerja apalgi Terkhusus bagian RIG .masuk kerja susah Klo gini Banyak Permasalahan Yg Blm terselesaikan
294;27/02/2023;kerja di ruang terbatas ( confined space ) wajib cek kandungan gas terutama kadar oksigen. PPLI itu subcon buat tanganin limbah pertamina.
295;27/02/2023;knpa br skrg pemberitaan? emgny pas caltex,chevron smpe ganti Phr skrg br skrg ada kclakaan krja?  halo HSE nya ttp sama koq,balik lg ke SOP msg2
296;27/02/2023;pertamina safety saja diduluin no 1 gausah profit, wong pasti disubsidi terus ko
297;27/02/2023;Tumbal proyekkk
298;27/02/2023;ditempat gw, gk pake sarung tangan aja disuruh balik
299;27/02/2023;padahal sangat rentan kecelakaan
300;27/02/2023;RIP K3 
301;27/02/2023;Yang prtma satu karyawN yang dua orang mau nolongin ikutan mninggal
302;27/02/2023;Sekelas Pertamina apa Gak Di Training Prosedur Kerja Confined Space apa 
303;27/02/2023;K3 mana k3
304;27/02/2023;Kok bisa? Safety nya gimana ini
305;27/02/2023;oh ini yg tadi videonya 1 orang masuk, eh trus pas mau keluar tbtb jatuh kedalem, trus 2 temennya nyelametin dia. jadi temennya ikutan keracunan dong
306;27/02/2023;innalillahi wainailaihi rojiun semoga Husnul khotimah 
307;27/02/2023;nekat beroperasi walau ad lini yg standrny seadanya, welcome to Konoha 
308;27/02/2023;dalam 2 tahun korban ny aja udh 8 ,
309;27/02/2023;rekaman cctv nya ada di akun ini
310;27/02/2023;APA TIDAK ADA SURAT IJIN PADA RUANGAN TERBATAS? APA TIDAK ADA PENGAWAS DISITU
311;27/02/2023;H2s ya gas nya? apa CS2?
312;27/02/2023;tidak ada nya RISK ASESMEN, tidak Ada JSA, tidak ada petugas AGT
313;27/02/2023;jgn sepelekan confined space, ruang pengap tertutup.
314;27/02/2023;lalai menerapkan penanganan bekerja diruang tertutup confined space sudah bnyk korban akibat tidak sesuai SOP
315;27/02/2023;The power of amplop
316;27/02/2023;Pentingnya k3
317;27/02/2023;tahun 2022
318;27/02/2023;Kenapa tidak pakai safety ya? Ga ada penerapan safety kah
319;27/02/2023;saftyny gmn sih 
320;27/02/2023;Chevron
321;27/02/2023;prasaan pertamina sering kali ya kecelakaan kerja ini
322;27/02/2023;kok ga pakai masker dan oksigen?
323;27/02/2023;PERTAMINA BEST OF THE BEST
324;27/02/2023;cctv ada di cakaplah.official
325;27/02/2023;Risk assesment.. gas check..permit to work..ready to work.accident d lokasi confined space kyk gini sringkali brulang. smoga kluarga korban d tabahkan
326;27/02/2023;pt besar tapi K3 yg mahalnya mintak ampun gak jalan
327;27/02/2023;innalilahi wa innailaihi rojiun
328;27/02/2023;udh liat ini video nya.. pertama temennya ke 2 nyusul ke 3 nyusul juga
329;27/02/2023;tahun kemaren? ni skrg 2023
330;27/02/2023;2023 itu,, salah ngomong
331;27/02/2023;INI DIVISI K3 NYA DIMANA YA
332;27/02/2023;K3nya kena tuh 
333;27/02/2023;makanya shalat Jumat
334;27/02/2023;kekurangan oksigen sprtinya
335;27/02/2023;seharusnya APD harus lengkap apa lagi ini kerja di ruang terbatas.
336;27/02/2023;chevron itu siapa ya?
337;27/02/2023;safety nya ngapain aja disana
338;27/02/2023;pak safety ga ngecek zat yg ada di confined space?
339;27/02/2023;Mas itu jam istirahat kerja sudah di perintah untuk semua stop pekerjaan
340;27/02/2023;sebelum masuk ke confined space diwajibkan untuk mengecek kadar zat yg ada didlm confined space, sudah dilakukan?
341;27/02/2023;dan untuk bekerja di confined space max 2 jam sekali harus keluar dari situ untuk mencari udara segar. dan harus ada sirkulasi udara diruangan tersebu
342;27/02/2023;Mas sebelumnya tau kronologinya engga
343;27/02/2023;Jangankan di gas test, masuk tanki harus menggunakan SCBA. Dan itu kejadian pas istirahat tidak ada kegiatan apa2 didalam
344;27/02/2023;Masih didalami motifnya apa pekerja tersebut ingin masuk kedalam tanki ketika jam istirahat
345;27/02/2023;Liat video nya yg korban pertama 1 trus yg 2 nolongin tp engga keluar lagi 
346;27/02/2023;tahun 2022
347;27/02/2023;pentingnya Risk Assestment
348;27/02/2023;innalillahi
349;27/02/2023;Masya Allah In sya Allah Husnul Khotimah Meninggal saat sedang mencari rejeki untuk keluarga dan di hari jum'at
350;27/02/2023;EMG sulit sih gak tau lagi disana itu budaya k3 nya udh baik apa belom
351;27/02/2023;ya Allah jadi takut.suami q juga kerja Pertamina 
352;27/02/2023;innalilahi wa innailaihi rojiun
353;27/02/2023;Turut berduka cita.. 
354;27/02/2023;bring chevron back
355;27/02/2023;in yg kmren.. prtma cma 1 aj yg masuk... yg 2 lain niat nolongin mlh ikt tewas
356;27/02/2023;sekali lagi hulu rokan
357;27/02/2023;ya Allah kok sering banget ya... semoga semua diberi kesehatan, soalnya calon suami aku jadi HSE di PHR juga
358;27/02/2023;salut sm tmnnya ikut berkorban juga
359;27/02/2023;Ya allah semoga mereka husnul khotimah. Safety nya kurang aku liat di videonya ngak ada alat bantu aku liat. nyawa penting karena ngk bisa balik lagi
360;27/02/2023;berita nya mereka kerja pas orang sholat Jumat sehingga tidak ada yg tau.
361;27/02/2023;pantesan bapak gw maunya gw masuk chevron drprd pertamina, gaji lebih besar keamanan oun terjamin
362;27/02/2023;sekelas BUMN loh.. K3 nya gmn
363;27/02/2023;Karna sekelas bumn makanya gitu. Coba pas masih chevron
364;27/02/2023;K3 nya ketutuan ma rupiah,, jadi Sefty nya number 3
365;27/02/2023;dari video itu yang masuk gx make perlengkapan kerja seharusnya kalo mau masuk hatus oake masker gas
366;27/02/2023;@Yusril takut
367;27/02/2023;di tempatku namanya CONFINED SPACE atau ruang terbatas.
368;27/02/2023;kangen Chevron
369;27/02/2023;niat hati dua org itu mau nolongi .. malah ikut meninggal .. turut berduka cita utkvkeluarga
370;27/02/2023;Mud tank kayak nya ya
371;27/02/2023;Ya klu masalah safety ya jelas pertamina ketinggalan jauh sama chevron..
372;27/02/2023;Husnul khotimah
373;27/02/2023;Pakai Masker seperti pemadam kebakaran luar negeri mungkin bisa aman
374;27/02/2023;Aduh safetynya gimana nih 
375;27/02/2023;Bisa jadi renungan buat para petinggi PT.PHR. Dikarenakan Recruitment dilapangan lebih mendahulukan yg BAYAR daripada yg SKIL dibidangnya.
376;27/02/2023;K3nya mana ituuu hadehhh..
377;27/02/2023;Fungsi safety dsana patut dpertanyakan, jangan nanti jadi alasan penyebab tragedi ini oleh human error/kesalahan korban untuk mencari aman.
378;27/02/2023;k3 nya perlu di pertanyakan
379;27/02/2023;klo kerja tolong SOP nya jelas pke oksigen biar aman krn kontener itu baunya mnyengat bgt jdi hrus pke tabung oksigen itu hrus di tekankn ke pekerjany
380;27/02/2023;terus apa kerjanya pak safety bisa sampe kejadian gitu...paling ngga di cek dulu kadar gas dalam tengki pake alat
381;27/02/2023;Kejadian ini saat tidak jam kerja, ptw tidak ada di dalam pekerjaan itu, alasan mereka kesana belum di ketahui dan masih di investigasi
382;27/02/2023;kalo udah di tangan perusahaan lokal ya bgtu. beda klo masih di pegang chevron lngsung.
383;27/02/2023;kulim ini
384;27/02/2023;ini prasada pamunah?
385;27/02/2023;kok 24 februari thn 2022??
386;27/02/2023;Tp mereka mngerjakan d saat istrhat. Dsaat yg lain sdg sholat jumat..
387;27/02/2023;izin masuk bejana nya coba cek dlu pak... apa tidak ada pengurus safety nya di sana
388;27/02/2023;sekelas perusahaan pertamina
389;27/02/2023;udah sering induction loh pdahal sekelas Pertamina
390;27/02/2023;masuk ke dalam penampungan limbah, kayak masuk ke dalam penampungan air..
391;27/02/2023;baru liat CCTV, pdhl yg 2 mau nolong kayaknya
392;27/02/2023;Pentingnya pengetahuan dalam confined space entry. H2S sangat berbahaya, tidak berbau, tidak berwarna. Pengawas harusnya cek dlu.
393;27/02/2023;kya apa HSE.a,.. sblm mulai kerja harus di gas tes dulu to sama HSE.a
394;28/02/2023;Itulah bedanya pemegang aset dlu dan pmegang aset skrng wkkwkwk
395;27/02/2023;dmna ini om
396;27/02/2023;balam Rokan hilir riau
397;28/02/2023;balam field
398;27/02/2023;Tumbal
399;27/02/2023;dari dulu Chevron memang the best..
400;28/02/2023;harusnya pakai gas detektor utk cek free gas di dalam kontainer limbah itu. safety harus di utamakan
401;28/02/2023;turut prihatin dan berduka cita.... semoga almarhum Khusnul Khotimah
402;01/03/2023;Ini tetangganya bu Witri nyi yg meninggal @Neta nya Apam kasian ya 
403;01/03/2023;Innalillahi
404;01/03/2023;turut berduka cita
405;27/02/2023;kalau soal safety, jauh, chevron masih yang terbaik,, keselamatan jelas no satu, kerja no dua
406;01/03/2023;2022 atau 2023 to
407;01/03/2023;miminya lupa tahun
408;27/02/2023;pentingnya penerapan K3..
409;02/03/2023;Standar keselamatan perusahaan domestik kayanya lbh rendah dr pd luar ya.
410;02/03/2023;"""24 ferbruari tahun 2022"" apa cuma aku saja yg mendengarkan masnya ngomong itu. kita masih hidup di kenangan masa lalu ya"
411;27/02/2023;bisa bisa nya
412;02/03/2023;gas test ? JSA ? pengawasan ? self lanyard ? ohh creeps. turut duka untuk kejadian. no safety no works
413;02/03/2023;Kadang Pas Kita UKUR Gas nya udh batas AMAN Padhal Tidak kadang Alatnya ERROR.,,, Semestinya bantu BLOWER
414;02/03/2023;2023 atau 2022
415;03/03/2023;untung ini bukan terjadi di INDONESIA
416;05/03/2023;Pdhl yah mau ikut tender project di oil gas company aja syaratnya bukan main harus punya sertifikan ina inu kok internalnya malah lolos 
417;08/03/2023;pertama 1 orang ngecek Teriak2 2 orang niat nolong, tapi ga bawa tali ataupun pake masker langsung masuk, eh ga nongol² mereka semua
418;30/03/2023;Beda ya kualitas Chevron VS Pertamina
419;17/04/2023;bukan nya ada yg namanya work permit untuk di ruang tertutup ya, harusnya ada pengecekan dulu sebelum kerja. antara kelalaian dr petugas HSE
420;11/06/2023;melanggar aturan k3 confined space permit work gasdectetor personal people standbyman pentilasi safetyman no have
421;25/02/2023;Allahummagh firlahu warhamhu wa'afihi wa'fu anhu... Turut berduka yg sedalam2 nya 
422;25/02/2023;Abang kandungku kerja disana yang jadi korban itu teman satu tim nya mohon doa semoga almarhum husnul khotimah
423;25/02/2023;safety first
424;25/02/2023;selamat jalan kawan,, semoga husnul khotimah
425;25/02/2023;husul khotimah ,
426;21/01/2023;dulu kok gak pernah dengar ya sebelum sialohkan ke phr
427;21/01/2023;nah, audit sistem keselamatan
428;21/01/2023;kawan kerja aku itu yang baru meninggal 
429;21/01/2023;standart safety BUMN standard safety chevron
430;21/01/2023;tadi juga ada yang meninggal min
431;21/01/2023;pantes kemarin di brifing miting bahas itu
432;27/02/2023;Inalillahi wainnailaihi raji'un, semoga diterima amal ibadahnya
433;27/02/2023;Miris tidak menjalankan SOP dengan benar 
434;27/02/2023;Biasanya tidak masalah tapi kali ini  Semoga keluarga yang ditinggalkan ikhlas dan tabah menghadapi musibah ini dan pihak pertamina mau bertanggung jawab dan memberikan santunan bagi keluarga yang ditinggalkan dstnya
435;27/02/2023;udahkah mereka mengikuti pelatihan kerja confined space ? Apakah mereka sudah menerapkan prosedur bekerja di confined space ? Apakah mereka memahami prosedur bekerja di confined space 
436;27/02/2023;Harusnya pake tabung oksigen sendiri agar racun limbah tidak terhirup.
437;27/02/2023;Limbah di setiap hulu migas/minyak variasi nya berbeda2.
438;27/02/2023;Harusnya teman2nya tidak ikut masuk menolong tp melaporkan ke pihak lain biar dilakukan penyelamatan sesuai SOP ibarat ada org kesetrum tdk bisa diselamatkan dg tangan kosong kalau nekat akan bernasib sama
439;27/02/2023;semoga Korban bisa mendapatkan tempat yg layak
440;27/02/2023;sekelas pertamina pekerjanya gk menerapkan SOP K3 
441;27/02/2023;Perjuangan mencari rejeki demi anak dan keluarga
442;27/02/2023;Bahaya bgt ya harus nya di kaji ulang pembuatan tanggki itu  paling gk ada tempat penyaringan atau sejenis nya jika manusia masuk tu gk tenggelam... lagian limbah kan kenpa ngeceknya harus MASUK
443;27/02/2023;Mana nih confined space rules gk di pake...adeh
444;27/02/2023;Sudah takdir mungkin jln nyah seperti itu
445;27/02/2023;Masa pekerjaan PERTAMINA gak paham k3
446;27/02/2023;Miris liat oligarki
447;27/02/2023;Kan ada standar kerjanya
448;27/02/2023;Besok nya jadi villain musuh betmen
449;27/02/2023;Belum mati bro, tapi bermutasi menjadi monster limbah
450;27/02/2023;Ini semua salah anis
451;27/02/2023;ngontol bener orang kejadian di riau yg di salahin anis
452;27/02/2023;Iseng aja luh..
453;27/02/2023;Bener... satria piningit
454;27/02/2023;Ini balikpapan ini bro bukan riau. Pintar sekali perusahaan menyimpan kebusukan nya demi menjaga nama
455;28/02/2023;knapa tdk ada sensor gas h2s??
456;28/02/2023;Sudah tau limbah beracun. Mestinya dibekali dg masker gas kalau bekerja di lingkungan sekitar limbah. Itupun tidak disarankan sampai masuk kedalam kontainer/ tank limbah.
457;28/02/2023;SOPnya tidak di lakukan, Kalau masuk ke ruangan / lubang gunakan tali, agar saat terjadi hal di luar dugaan bisa menarik/ditarik talinya, SOP kadang sepele yg di sepelekan
458;28/02/2023;Kalau kerja itu yg bertanggung jawab temanya kerja di waktu itu. Orang kerja minimal 2 orang. Yang bertanggung jawab harus temanya.
459;28/02/2023;Bisa di tutup kalau sering banyak kejadian Kecelakaan kerja karena lalai APD
460;27/02/2023;Tolong keluarga dan anak2nya dinafkahi oleh pihak PHR hingga tamat sekolah.
461;26/02/2023;utamakan keselamatan, kalau gak cari kerja lain, semoga dilapangkan rejeki dan selalu baik2 saja bagi semua pejuang keluarga
462;26/02/2023;K3 jauh rendah jika dibanding dgn PT Caltex dulu,dan penerimaan karyawan kalau bisa pakai tes IQ karena bidang kerjanya berbahaya dan selalu berubah minimal SMA IPA atau SMK dan dilakukan pelatihan mengikuti patuh dgn SOP.
463;26/02/2023;Kak video cctv bisa lihat dimana saya salah satu temen korban
464;26/02/2023;Setuju GPTW+Confined Space
465;26/02/2023;Masih family kah semua yang kerja di situ..
466;26/02/2023;Ketika Cevron berganti menjadi PHR kalau pandangan saya sungguh jauh penerapan K3.nya
467;12/06/2022;sejak Pertamina megang proyek sudah banyak karyawan meninggal di tempat kerja,baru baru ini ada tiga orang meninggal akibat keracunan sebanyak tiga orang,
468;24/02/2023;Tempat kerja ayah aku tapi ayah aku yg membawa mobil ambulans jadi ayah aku yg membawa mayat mereka
469;24/02/2023;Alm. Ade adalah tetangga saya kasian anak nya baru 1 dan masih balita kecil... Hm... Semoga kluarga di kuatkan...
470;24/02/2023;Lagi??
471;24/02/2023;Banyak pekerja yang non skill dipekerjakan.. utamakan keselamatan dimanapun berada. Diluar sana banyak pekerja yang memiliki skill tapi tidak bisa bekerja karna tidak ada yang backup#orangdalam.
472;24/02/2023;Innalillahi wa inaalillahi roojii'uun..smga alm husnul khotimah..klrga yg di tinggalkan sabar dan ikhlas menghadapi cobaan ini..Aamiin Yaa Rabbal'alamiin..
473;24/02/2023;Innalillahiwainnailahiroji'un
474;24/02/2023;Innalillahi wainna ilaihi raji'un. Semoga alm. Husnul khatimah dan keluarga yg ditinggalkan tabah. Semoga kedepannya tidak ada lagi kejadian seperti ini. Semua pekerja dimanpun berada selalu dalam lindungan allah swt. Aamiin
475;24/02/2023;Progres progres progres....
476;24/02/2023;JADI KEINGAT HSE GOLDEN RULES 
477;24/02/2023;Innalillahi wainna ilaihi rojiun
478;24/02/2023;Innalilahi wa innailaihi rojiun
479;24/02/2023;jangan muncul slogan hati2 kerja di PHR dalam pengertian negatif
480;26/02/2023;Safety nomor sekian yg penting masuk sanak sanak tuuuu
481;26/02/2023;Turut Berduka Cita , Namun Sayang Nya Para korban tidak mengikuti SOP dari Pada pekerjaan Confined Space Dan Gas Beracun
482;26/02/2023;Sewaktu chevron safety no. 1 dan pertamina keuntungan yg nomor satu
483;26/02/2023;Hukum perangkat perusahaan nya
484;26/02/2023;PT. PPLI tidak mengikuti Standard Safety. Yang harus menyediakan Blower atau Dan bekerja di dalam Tank atau Skoar Tank.
485;26/02/2023; iyeke? Betol lah Wak..
486;26/02/2023;Masak gx safety sih
487;26/02/2023; tak perlu nyawa orang, yg penting untung besar
488;26/02/2023;Tak nyambung cerita nya
489;26/02/2023;Trus? Ceritain dong suhu
490;26/02/2023;Oh iya? Coba Yg nyambung gimana bro?
491;26/02/2023; jadi gini bang
492;06/09/2023;Anehnya kalau kejadian di PT bercuan langsung diselidiki, kalau di PT yang tidak bercuan dibiarkan, bahkan gaji dan BPJS ketenagakerjaan tidak ada, gak ditindak lanjuti
493;06/09/2023;Blok rokan lg
494;06/09/2023;Makan korban lagi, maren teman saya meninggal dunia di sana
495;06/09/2023;1 korban yg paling parah kulit terbakar di bagian wajah dan bagian jari tangan, sekarang dirawat intensif di AB.
496;20/01/2023;Innalillahi, Zero Accident? Rata rata 1 nyawa per bulan
497;20/01/2023;dlu sebelum phr yang kelola blok rokan sangat jarang terjadi insiden, dan klu terjadi itu sub kontraktor nya bisa kena sangsi berat dari chevron
498;20/01/2023;Ya begitulah minn, namanya musibah. Turut berduka dan semoga keluarga yg ditinggalkan diberi keasabaran dan ketabahan. Amiinnn
499;20/01/2023; Amin ka
500;20/01/2023;Innalilahi
501;20/01/2023;Buka loker langsung pasti nyq
502;19/03/2023;GK bakalan di usut itu 
503;19/03/2023;B
504;19/03/2023;Wkwk kaya arisan nunggu giliran, plat merah terbaik memang.
505;19/03/2023;Tumbal proyek
506;19/03/2023;Banyak kali insiden bahh , mana safety first nya
507;19/03/2023;Ini bukti bahwa SDM kita belum siap untuk mengelola SDA.
508;19/03/2023;Perbedaan chevron dan pertamina tampak jelas. Maybe chevron lebih bisa nahan berita terjadi kecelakaan kerja. Apapun itu safety first lah
509;19/03/2023;Hadeuh ada apa ini 
510;19/03/2023;Yaahh
511;19/03/2023;viral di wa, ternyata di ig juga, alhamdulillah bapak itu udh melakukan operasi
512;19/03/2023;Oooo jd insiden ini yg di meeting kan bpk kmrn yaa
513;19/03/2023;SDM tdk profesional,abal2
514;19/03/2023;Main masuk²an vendor aja
515;19/03/2023;Cak cek cak cek aja kerja kau
516;20/01/2023;Octa yg kasi aba2, ndak bisa tidur lah dia itu
517;20/01/2023;Innalillahi 
518;20/01/2023;Semoga para pencari nafkah selalu dilindungi Allah SWT, Aamiin
519;20/01/2023;safety number one 
520;20/01/2023;Innalillahiwainalillahirajiun
521;20/01/2023;Innalillahiwainailaihirojiun
522;20/01/2023;Innailaihi wa Inna ilaihi Raji'un
523;20/01/2023;Innalilahi wainna illaihi roji'un, tetap utamakan safety dalam bekerja rekan2
524;20/01/2023;Innalilahi wainailaihi rojiun
525;20/01/2023;Innalillahiwainnailaihirojiun 
526;20/01/2023;aku kira kau cok
527;20/01/2023;Hati-hati dalam bekerja dan jangan lupa berdoa 
528;27/02/2023;Ini pas kejadian dekat RIG kami ini Min, Al-fatihah untuk ke 3 Almarhum
529;27/02/2023;Sampai saat ini perusahaan masih aktif 
530;27/02/2023;Makanya harus ditenderkan pekerjaan itu di CIVD, agar bs dilakukan PQF, kalau main direct ke holdimg ya jadi begini lah
531;27/02/2023;Apa betul mereka tidak di.beri pengetahuan tentang keselamatan kerja atau memang tidak ada diberi?.apa adanya meeting tentang keselamatan kerja.atau hanya omongan saja tentang keselamatan kerja.mohon dicek kembali.
532;27/02/2023;Sy yakin itu racun H2S
533;27/02/2023;H2S itu Apa mereka tidak membawa protector  Atau protector yg di bawak sdh tdk berfungsi
534;27/02/2023; take care ya kak sama abang juga bilang hati hati dalam bekerja
535;27/02/2023;Klo lokal yg megang gini ni jadinya amburadul,gak ada safety yg penting kerja walaupun tak berguna dan nyawa tak berharga.
536;27/02/2023;Rekanny trrllu tinggi rasa peduli smpe gk smpt pke safety,smpe lpa kslmtn sendiri
537;27/02/2023;"Intinya, setiap mau melakukan pekerjaan apapun ada SOP yg harus di patuhi. Selama Cevron hal keselamatan menjadi hal yg sangat di utamakan, tidak ada boleh lalai; ada semboyan kerjakan dengan selamat atau tidak sama sekali"
538;27/02/2023;Mw koment nnt ada yg tersinggung..alfatihah buat mereka yg ditimpa musibah ...
539;27/02/2023;gk perlu SOP lagi karna yg di pekerjaankan yg penting ada yg kerja.. karna kl org yg ngerti migas gaji beda kl asal kan bisa harian... makan bontot 120 rb 
540;27/02/2023;Berita nya yang 3 hari lalu dari rik apd yang kurang lengkap bisa di bilang S O P
541;25/02/2023;Duit yg berbicara,karna hukum di indonesia sama sama tau aja
542;25/02/2023;Innalillahi wainnailaihi rojiun
543;25/02/2023;"Siap"" Safety Officernya di BAP dluan"
544;25/02/2023;Kenak gas beracun nya yg 2 orng mau nolong malah kehirup juga
545;25/02/2023;pas lagi jam istirahat siang,gk ada arahan? sefty untuk perusahaannya ya
546;25/02/2023;Ada kok cctv nya
547;25/02/2023;Kok cepat tersebar
548;25/02/2023;Mau beralasan gak ad perintah  Uda mati baru kau bilang gak ad perintah makan rumput aja kau heang
549;25/02/2023;KEMBALIKAN LAGI K3 ALA CHEVRON
550;25/02/2023;Bos nya kok kyk buang badan gitu setidaknya kasilah statmen yg baik
551;25/02/2023;beuh
552;25/02/2023;Salah satu korban nya adalah kakak sepupu saya...Selamat jalan da Hen...semoga Husnul Khatimah
553;25/02/2023;logika aja, siapa yg mau kerja di jam istrhat? apalagi perusahaan, yang waktunya makan siang malah kerja, siapa yg mau kerja nahan lapar, sementara jam kerja sudah diatur
554;25/02/2023;Managernya ngeluarkan statement hati hati ngerti gak anda dg operasi spesifik fasilatas CMTF kok dibilang kejadian di jam istirahat non related work  dan tidak ada arahan utk bekerja disana.
555;25/02/2023;USUT TUNTAS
556;20/01/2023;Hati2 kerja kau bro 
557;20/01/2023;siap brother
558;25 Mei 2023;kamu kan
559;25 Mei 2023;di siak tu dek
560;25 Mei 2023;Kok bisa mereka jdi tersangka 
561;25 Mei 2023;sepi
562;25 Mei 2023;Di jadikan Tumbal proyek
563;25 Mei 2023; ketawa bang
564;20/01/2023;Duh kok mirip nama saya 
565;20/01/2023;????????????² ?????????????????????????? ?????????? ????
566;20/01/2023;Lagi lagi 
567;20/01/2023;Semenjak Chevron tidak ada lagi...semakin sering terjadi kecelakaan kerja di perusahaan yg sekarang....mungkin divisi keamanan kerja nya tidak ada ...lebih banyak pejabat nya duduk di kedai kopi..
568;20/01/2023;Bagi yg tidak tau jgam sok tau, doakan saja korban nya di trima di sisis tuhan
569;20/01/2023;Orang k3 nya mana
570;20/01/2023;palingan orang mau istirahat dikasih kerjaan tambahan.
571;20/01/2023;aneh
572;20/01/2023;Copot
573;20/01/2023;Siap2 atasan pada out ke penjara.
574;20/01/2023;Lagi dan lagi 
575;20/01/2023;Confined space entry procedure dan gas purging kah masalahnya
576;20/01/2023; takut kamu jadinya 
577;20/01/2023;Semenjak diganti ada ada aja kejadian 
578;20/01/2023;Sedang menginvestigasi ketiga korban yang meninggal
579;20/01/2023; Jadi didiamkan saja
580;20/01/2023;Manaj3men yang buruk
581;20/01/2023;Ada yg janggal
582;20/01/2023;Di foto nya ada jam nya 15:54 udah sore itu buk bukan jam istirahat siang,hmm
583;20/01/2023; bekerja tanpa jadwal.. gak masuk akal alasann nya 
584;20/01/2023;Waduh
585;20/01/2023;Wih fast respon juga beritanya. Ohh iya udah PHR Bukan CPI lagi, maklumlah kita Putra daerah nggak berkesempatan berkarir di perusahaannya jadi lupa deh. Turut berdukacita buat keluarga korban yg ditinggalkan
586;20/01/2023;" mari sama2 kita Sapa orang No.1 di Riau ini, "" Pak syamsuar mohon ketegasan ny untuk bisa merekrut Anak daerah bisa bekerja diperusahan PHR... Tolong Pak... ""admin olong sampaikan ke Pak Gubernur ya."
587;20/01/2023;mudah2an permohonan kita tersampaikan pak
588;20/01/2023;Innailaihi wainnailaihi rojiunn
589;21/01/2023;Hati2 y yg lain krja.selamat plg pergi
590;21/01/2023;Duuhhhh ngeri
591;21/01/2023;Kelalaian dalam bekerja.. Keep safety on work rekan2
592;21/01/2023; lu aman kan man
593;21/01/2023;Progres nomor 1 safety nomor 2 (PHR)
594;21/01/2023;phr.pertamina
595;21/01/2023;Allahu akbar.. Semoga allah memberikan ketabahan bagi keluarga yg d tinggalkan.. Dan d terima amal ibadah alm.. Amin
596;21/01/2023;Memang ini takdir... Tapi sebaiknya kru RIG memang harus dibekali safety berlapis
597;21/01/2023;udah berlapis itu ada HSE Specialist dari oil company dan HSE officer dari RIG nya
598;21/01/2023;umur masih muda sudah bisa kerja di rig... Tapi takdir berkata lain ya bg... Semoga almarhum diberikan tempat yg baik disisi nya..
599;21/01/2023; kalo berbicara tentang takdir dan juga HSE memang tidak sejalan lurus bg, tapi apapun itu semoga keluarga yang di tinggalkan tabah
600;21/01/2023;aamiin Tidak untuk berdebat insyaAllah..
601;21/01/2023;Pak asril nangis di pojokan atas insident ini
602;21/01/2023;Mentang2 lg investigasi itu tolong temen2 dr Sat Reskrim Polres Siak juga memakai PPE dong. Kan masih di area Rig site. Tetep ikuti aturan keselamatan.. 
603;21/01/2023;Drop object
604;26/02/2023;Masker gass di pakek, sebelum pake masker gas, pake dulu masker N95ny
605;26/02/2023;Innalillahi wainnailaihi rojiun, insyallah husnul khotimah aamiin 
606;26/02/2023;Pentingnya memakai SCBA
607;26/02/2023;atau alat bantu pernapasan kalo masuk di man hould
608;26/02/2023;Secara prosedur seharus nya sebelum akan melakukan pekerjaa confined space wajib di lakukan gas test,dan harus ada standbye person dan memasang blower utk hisap dan tekan,
609;26/02/2023;Sehingga kejadian2 tak terduga seperti ini bisa dihindari. Dan juga bagi HSE sangat penting agar tdk tersandung kasus hukum, karna HSE lah yg bertanggung jawab klo sudah ada kecelakaan kerja seperti ini. Makanya penting sekali permitted work ini bagi HSE officer.
610;26/02/2023;Keracunan gas oksigen beracun, saya juga perna tapi alhamdillah selamat, kalau keracunan itu kepalah pusing dan bada semua jadi lemas dan lumpu
611;26/02/2023;Semoga Allah Mudahkan jalannya ke SURGA.. Aamiin
612;26/02/2023;Inna lillahi wa inna ilaihi rojiun
613;26/02/2023;Innalilahi wa innailaihi rojiun
614;26/02/2023;Pentingnya gas free survey. Nyawa tidak bisa dijadiin bahan bercandaan di lingkungan kerja yang beresiko tinggi.
615;26/02/2023;Intinya kalau liat teman atau anggota pingsan didalam tangki jangan pernah coba turun untuk menolong.. panggil bantuan adalah cara yg tepat..
616;26/02/2023;Kena gas beracun
617;26/02/2023; kalo tangki pasti beracun
618;26/02/2023;H2S always becareful, jangan sepelekan prosedur confined space entering
619;03/01/2023;Baguslah, biar Perusahaan ada efek jera juga. Kontrak2 selanjutnya juga perlu di evaluasi
620;03/01/2023;Ahmad Ihsan ya..
621;03/01/2023;Susahnya dimana...
622;03/01/2023; siapa yg tanda tangan PTW nya.ijin. Kerja ruang terbatas dikeluarin oleh siapa.benar ngak mereka check kelapangan sebelum tanda tangan
623;03/01/2023; Saya perbaiki : Sudah Ralat
624;03/01/2023;PHR harus dapat bercermin pada perusahaan minyak sebelumnya (Chevron) yang mengutamakan safety untuk para pekerjanya yg menekan angka kecelakaan kerja seminimal mungkin
625;03/01/2023;Bukan susah tapi sudah
626;03/01/2023; saya perbaiki Sudah Ralat
627;03/01/2023;Evaluasi juga cara perekrutan karyawan nya... Si anu menjabat, karyawan nya anak anu, adek anu, sepupu anu, ponakan anu, cucu anu
628;03/01/2023;sebaiknya jika thanky limbah itu permanen sebaiknya di kasih gas deteksi dan langsung di sambung pakai Alarm sebagai deteksi dini, harus ada Windsock untuk menandakan arah angin, di atas thanki juga sebaiknya di beri Blower...
629;03/01/2023;Yaa mas..ada bohongnya yg kurang menerimanya..biarpun saya tidak pernah berkecimpung tentang limbah tentu tau tentang limbah...apalagi safety saat itu tentu diutamakan...seharusnya mereka lebih mengrti apa yg harus dilakukan.
630;03/01/2023; Benar mas windsockk sering sipasang tank limbah diRig lagi opersi..sudah jadi kewajipan..kalau tidak pasang kanak tegur..malahan ada sangsinya..rusak atau rusak dicari gantinya dipasang lagi.
631;03/01/2023;Salah satunya itu juga
632;03/01/2023;Team leader atau yang approve ptw harus ikut jadi tersangka..jangan selalu subcontnya yang di kambing hitamkan
633;03/01/2023;Benar jgn hanya duduk meja saja..udah tu menerima laporan saja
634;03/01/2023;Ìnilah akibatnya...saya dengar jauh bedanya Safety dizaman Caltex atau Chevron..jaman PHR produksi yg penting..yg lain2nyapun tidak diperhatikan..Pencitraan yg besarnya.
635;03/01/2023;PT nya pula yang kena ,yang menyetujui atau penanggungjawab di area lah
636;03/01/2023;Tetapi dilihat juga...apakah didalam Contrak peralatan Safety harus disiadiakan ppli..maklum saja contrak banyak yg kecil tidak dicantumkan..atau ada dicontrak tapi disediakan.
637;03/01/2023;Yg jelas human error bukan PT nya 
638;03/01/2023;Benar sekali bukan Perusahaannya akibat human error terjadi hal seperti itu
639;03/01/2023;Kalau Chevron keselamatan nomor 1.. kerja nomor 2.Kalau yg ono, kerja nomor 1, keselamatan ntah nomor brapa…
640;03/01/2023;Ini lah yg safety nya maka nya nyawah manusia mati sia sia dulu Caltex safety nya di nomor 1 kan
641;21/01/2023;Waduuuhh..hbt juga yg di krc berarti ya bg raja , nggak pernah bocor fatality nya..haa
642;21/01/2023; jarang Pak he he
643;21/01/2023;Pertanyaannya  pernahkah ini terjadi semasa Chevron beroperasi
644;21/01/2023;tdk pernah...biasa lah . Kalau sdh campur tangan pemerintah pasti meleset..
645;21/01/2023;Apapun yg terjadi perusahaan tetap bertangggung jawab penuh, dan semua karyawan nyaman. Itulah Investor Amerika dan Eropa. Beda kelas dengan yang di Morowali yanv investornya Tuan Agungnya si BOSS...
646;21/01/2023;Kalau Investornya Taiwan gmna om 
647;21/01/2023;Selama ini kita juga jarang dengar permasaalahanya ala Taiwan.
648;21/01/2023;Pak ini tdk Amerika/Eropah.. tapi murni Nasional yaitu Pertamina Hulu Rokan
649;21/01/2023;semoga lebih tanggung jawab bangsanya sendiri.
650;21/01/2023;oligarki punya
651;21/01/2023;Baru aja di bilang hebat sm jokowi..caltex juga yg betul...
652;21/01/2023;Salah rikrut pengalamannya blm ada, tapi dekingannya ada , makanya bisa kerja.
653;21/01/2023;pas sekali Pak,bahasa Vietnam nya SIA DIATEH
654;21/01/2023;kalau quality di nomor duakan akan kehancuran jadi nya.
655;21/01/2023;Perlu lebih cermat ttg Line of fire..signal man (cukup satu).. jangan tergesa gesa
656;21/01/2023;Ini akibat tidak maksimalnya identifikasi bahaya lokasi kerja......
657;21/01/2023; dan jangan ditargetkan penemuan2..yg real2 saja..bukan dibuat2
658;21/01/2023; bagaimana kalau keluarga melaporkan kasusnya ke POLISI yaaa..
659;21/01/2023;Utamakan keselamatan kerja dengan cara memberi peringatan dan tunjuk ajar 5 menit sebelum memulai suatu pekerjaan .
660;21/01/2023;Bukan perusahaan kontraktornya saja yg harus bertanggung jawab,PHR juga harus bertanggung jawab
661;21/01/2023;Innalillahi wa innailaihi rooji'uun
662;21/01/2023;Apakah di masa CPI pernah kejadian serupa?
663;21/01/2023;seingat saya sejak di pegang chevron untuk Rig fatality bisa di bilang tidak ada tp ketika caltex dulu memang ada tp itu semua datanya saya juga gak tahu kapan kejadian nya
664;21/01/2023;saat CPI kalo fatality begini, RIG yang ngalami kecelakaan apalagi fatality, semua RIG dari PT tsb, di shut down semua.
665;21/01/2023;g tahu juga pak.....
666;21/01/2023;Info terakhir EVP nya Feri Sri Wibowo dibebastugaskan sejak tgl 24 Feb 2023
667;21/01/2023;"""Innalillahi wa innailaihi rojiun..."
668;21/01/2023;Pecat&penjarakan aja wsm nya. Dia yg bertanggung jawab disana.
669;21/01/2023;Sugianto Karim bagus komen nya senior, tp yg paling penting tetap pengawas lapangan di bantu HES FIELD untuk tetap ikut mensosialisasikan tentang JSA, SOP agar terhindar dari bahaya, itu gunanya pengawasan yg ketat dan Focus
670;21/01/2023;kita blm tau hasil pemeriksaan dari kejadian ini sehingga tentu saja blm bisa menyalahkan si korban tentu harus di selidiki dulu apakah akibat human error atau karena equipment failure
671;21/01/2023;sepertinya SAFETY Menjadi Nomor berapa Ya.... sangat BerBeda... oh iya.. Apa Metode ketika pada perusahaan yg Lama ya.....
672;21/01/2023;Jadikan kejadian ini untuk peningkatan keselamatan kerja di masa yg kan datang,ingatbbekerja di permiyakan nyawa taruhan ny semua benda keras yg di hadapi setiap hari.
673;21/01/2023;Baru awal
674;21/01/2023;Ini team Analisa kejadian nya masuk welpad kog nggak pake APD.. Ya?
675;21/01/2023; kalau bos tak perlu APD yg perlu buat bawah an aja
676;21/01/2023; Begitu ya...
677;21/01/2023;ndak juga ngerti selama ini
678;21/01/2023;Kalau sudah eksiden baru sibuk... Kalau kerja berdasarkan sop kecelakaan bisa dihindari...
679;21/01/2023;Awal tahun PT ACS dan PHR ex CPI, fatality record
680;18/01/2023;ada korban Jiwa 
681;18/01/2023;Roy Royen Hutapea floorman berusia 22 thn
682;18/01/2023;Kapan pak?
683;18/01/2023;Luvky Abu Habibie td pagi
684;18/01/2023;Mohammad Dayu Annaufal fosv nya di angkat pake lifting cap atau diikat sling ya mas?
685;18/01/2023;Luvky Abu Habibie ikut berduka, semoga keluarga korban diberi kekuatan iman dan kesabaran dalam menghadapi musibah ini. Moga husnul khotimah
686;18/01/2023;Fatal accident?
687;18/01/2023;Innalillahi Wainnailaihi Roji'un, semoga semua amal ibadah beliau almarhum diterima di sisi Allah SWT, dan keluarga yang ditinggal diberi ketabahan, dan kesabaran, Aamiin ya rabbal Aalamiin 
688;18/01/2023;Meninggal floorman nya pak
689;18/01/2023;Apa kronologisnya pak??
690;18/01/2023;Innalilahi wainailaihi rojiun smga Husnul khatimah aamiin yra
691;18/01/2023;Innalillahi wa innailaihi rooji'uun
692;18/01/2023;Turut ber duka cita crew ACS di minas .
693;18/01/2023;RIP
694;18/01/2023;Innalillahi wainnailahi rojiun
695;18/01/2023;Innalillahi wainnaillaihi rajiun...
696;18/01/2023;Ikut ber duka crew ACS di Minas .Keselamatan hrs di tingkat kan lagi..
697;18/01/2023;Rip Smoga tidak terjadi Kembali, Safety no 1..
698;18/01/2023;Innalilahi wainnailaihi roji'un
699;18/01/2023;RIP
700;18/01/2023;RIP
701;18/01/2023;Turut ber duka cita dan prihatin atas kejadian fatality Accident yg menimpa crew rig Service ACS 06 di minas . Innalillahi wa'innalillahibroji'un, semoga tidak ter ulang lagi. KEEP SAFE.
702;18/01/2023; bagaimana kronologis kejadiannya pak?
703;18/01/2023;Innalillahi wainnalillahi roji'un Semoga Almarhum husnul khotimah Aamiin.
704;18/01/2023;Innalillahi wainnalillahi roji'un Semoga Almarhum husnul khotimah Aamiin.
705;18/01/2023;Innalillahi wainnaillaihi rojiun..
706;18/01/2023;Bismillah Smga yg jd korban di beri ketabahan 
707;18/01/2023;Turut berdukacita.
708;18/01/2023;Innalilahi waiinna ilahi rojiun insyaallah husnul khotimah kelg ditinggal kan diberi kesabaran
709;18/01/2023;Rip
710;18/01/2023;Innalillahi wainnailaihi rojiun
711;18/01/2023;baca dari atas ada tu
712;18/01/2023;Innalillahi wa inna ilahi rojiun semoga almarhum.di ampuni dosa dan dterima amal ibadahnya oleh Allah SWT
713;18/01/2023;Bukanlah Air Hoist sdh dilarang penggunaanya, dan sekarang menggunakan hidrolik Hoist, kerna air Hoist terlalu beresiko saat kebocoran... Kalau ga salah sih
714;18/01/2023;Gak tahulah kita karena saya sudah 8 thn meninggalkan dunia pengeboran , dulu zamannya saya bekerja masih boleh memakai alat tersebut lebih kurang 35 thn saya bekerja
715;18/01/2023; oh ya sudah lama itu memakai hydrolic winch , dan yg gak boleh pakai pembrat di ujungnya , tapi inikan yg jatuh FOSV ( full opening safety valve ) atau istilah orang dulu Poorboy .
716;18/01/2023;Ya.. Biasa juga di gunakan itu dulu di drilling, tapi biasanya kita koneksi dengan sackle yg baik, terus kita pasang tapi sebagai safety nya, lalu satu orang jadi watch man untuk melihat ke atas. Ga kebayang poorboy jatuh dari ketinggian
717;18/01/2023;Al Fatihah
718;18/01/2023;Alfatiha.
719;18/01/2023;Innalillahi Wainnailaihi Roji'un, semoga semua amal ibadah beliau almarhum diterima di sisi Allah SWT, dan keluarga yang ditinggal diberi ketabahan, dan kesabaran, Aamiin ya rabbal Aalamiin...
720;18/01/2023;RIP. Turut berduka cita.
721;18/01/2023;RIP
722;18/01/2023;Turut berduka. Semoga jadi pelajaran yg berharga.
723;18/01/2023;Turut berduka ats kejadian ini mufah2an k depan g terulang lagi..
724;18/01/2023;Kejadian ini pernah trjadi thn 1985...poorboy semacam FOSV di Hoist...IP meninggal dunia WSR( welserviice &Remedial Duri Field) floor man juga..
725;18/01/2023;Innalillahi wa inna ilahi rojiun semoga almarhum.di ampuni dosa dan dterima amal ibadahnya oleh Allah SWT
726;18/01/2023;Turut berduka cita, laporannya adakah standown? Pembelajaran yg pahit sekali
727;18/01/2023;Inna Lillahi wa inna ilaihi rojiun.
728;18/01/2023;Semakin hari incident semakin parah aja.. g kayak dulu lagi...
729;18/01/2023;Robby Leonardo beda kelas om...
730;18/01/2023;Turut berdukacita,,
731;18/01/2023;Jauh beda sekarang dengan dulu.Saya akui, Chevron Juaranya Hard skills, korporasi kelas dunia yang mengutamakan keselamatan dan keunggulan. Memanusiakan manusia dan sangat memperhatikan keselamatan pekerjanya.
732;18/01/2023;Turut ber duka cita dan prihatin atas kejadian fatality Accident yg menimpa crew Rig Service ACS 06 di Minas.
733;18/01/2023;Masih mudo urgnyo om Sanggap..
734;18/01/2023;ya mas, sulit saya membayangkan hancur nya hati orang tuanya
735;18/01/2023;apa masalahnya 
736;18/01/2023; Turut berduka cita 
737;18/01/2023;Untuk teman2 yg posting incident report nya, sebaiknya segera di delete krn ini termasuk data company confidential. Dari pada jadi masalah nantinya.
738;18/01/2023;kenapa Pak
739;18/01/2023;Turut berdukacita
740;18/01/2023;Turut berduka, semoga keluarga diberi kesabaran dan ketabahan
741;18/01/2023;Innalilahi wa innailaihi roji'un 
742;18/01/2023;innalillahi wainnailaihi roji'un
743;18/01/2023;Turut berdukacita
744;18/01/2023;Innalillahi wainnailaihirrajiun .Smg husnul khatimah aamiin .
745;18/01/2023;Turut berdukacita atas terjadinya fatality accident di monas, semoga khusnul khotimah Aamiin
746;18/01/2023;RIP
747;18/01/2023; PHR sekarang masalah safety tidak ada yg berubah tetap sama
748;18/01/2023;saya pernah terjun mengatasi blow out d bormindo.. Berhasil.. Seluruh badan hitam mandi minyak mentah.. tak d beri hadiah Tapi dapat kepuasan bathin Bangganya tak terkira Rasa menang perang lawan penjajah.
749;18/01/2023; tegaa nya tu
750;18/01/2023; dapat voucher sama Thank's award saja
751;18/01/2023; mungkin mereka lelah
752;18/01/2023; nasi bungkus kota buana dan sekaleng sprite cukup sudah..
753;18/01/2023;voucher AXIS 3gb
754;18/01/2023; base on kewajiban, persyaratan or Implementasi... Mengingat org HES dulu org lapangan yg tau kerja, tapi HES sekarang sepertinya sarjana S1 semua ya
755;18/01/2023;Turut Berduka Cita
756;18/01/2023;Turut prihatin dan berduka atas kejadian ini
757;18/01/2023;Innalillahi wainna illaihi rojiun semoga Alm.husnul khotimah..klg yg ditinggalkan di berikan keikhalan dan ketabahan Aamiin Yaa Robbal Aalamiin.
758;18/01/2023;Inna Lillahi wainna ilaihi Rojiuun semoga di tempatkan ditempat yg sebaik baiknya di sisi Allah.Al Fatheha.
759;18/01/2023;Innallilahiwainalilahi rojiun
760;18/01/2023;Innalillahi wa inna ilahi rojiun semoga almarhum.di ampuni dosa dan dterima amal ibadahnya oleh Allah SWT. Aamiin YRA 
761;18/01/2023;Innalillahi waina illaihi rojiun.
762;18/01/2023;Innalillahi wa inna ilahi rojiun semoga almarhum.di ampuni dosa dan dterima amal ibadahnya oleh Allah SWT
763;18/01/2023;RIP.
764;18/01/2023;Innailaihi wainnailaihi roojiuun.. inshaallah almarhum Husnul khotimah 
765;18/01/2023;Innalilahi wa innailaihi roji'un semoga tdk terjdi lgi dan tentunya pelajaran dan peringatan buat kia semua agar selalu menerapkan dan mengikuti aturan tentang keselamatan kerja
766;18/01/2023;apakah pegawai caltex
767;18/01/2023;mitra kerja
768;18/01/2023;Innalillahi wainnailaihi rojiun. Semoga alm mendapat tempat yg mulia disisi Allah SWT
769;18/01/2023;RIP Smoga tdk ada kelalaian spt ini lagi
770;18/01/2023;Innalilahiwainnalilahirijiun,, turut berduka cita,,
771;18/01/2023;Ingat kejadian di Bangko di thn 1980, fatality accident di Rig juga.
772;18/01/2023;Yg baut jatuh nimpa safety hat kaleng tu
773;18/01/2023;Waktu sepertinya kita belum mengenal SOP dan safety standard ya Pak Haji?
774;18/01/2023;Betul, saya ingat pegawai CPI adalah Fire Safety Dept.
775;18/01/2023; maksud nya
776;18/01/2023;Turut berdukacita...
777;18/01/2023;Turut berduka 
778;18/01/2023;Turut berdukacita, semoga keluarga tabah menghadapi nya
779;18/01/2023;Awal tahun fatality record PT ACS dan PHR Rokan.Innalilahiwainnalilahirijiun,, turut berduka cita,,
780;18/01/2023;Caltex chevron perusahaan yg memanusiakan manusia
781;18/01/2023; jadi PHR bagaimana tu
782;18/01/2023;sama bagus nya koq .. tp ojo dibanding2ke
783;18/01/2023;hahahaha gak tau gel, soal nyo smenjak phr masuk ke riau aku blum pernah gabung
784;18/01/2023;ia pak masih sama persentasi dan hanya sedikit yg diubah dalam hal keselamatan nya cuma kesalahan human error nya mungkin pak
785;18/01/2023;PHR butuh banyak belajar 5 th sampai 7th kedepan dengan berbagai fatality, biasa lah belajar dari kesalahan 
786;18/01/2023;RIP
787;18/01/2023;Semoga Almarhum husnul-khatimah
788;18/01/2023;RIP Turut berduka yang sedalam2nya 
789;18/01/2023;RIP
790;18/01/2023;Yg kejadian kena blocknya dulu di th 2022 juga fatal ya
791;18/01/2023;Inna Lillaahi wainna ilaihi raajiun Semoga almarhum diampuni dosanya dan diridhai amal ibadahnya. Semoga keluarga yg ditinggal diberi kekuatan dan saar dlm menghadapi hal yg memprihatibkan ini.
792;18/01/2023;Saar sabar
793;18/01/2023;Innalillahi wainna ilaihiroji'un...Semoga husnul khatimah dan system bisa lebih diperbaiki lagi supaya lebih safe..... Aamiin
794;18/01/2023;Turut ber duka cita dan prihatin atas kejadian fatality Accident yg menimpa crew Rig Service ACS # 06 di Minas Semoga tidak ada/terulang lagi kejadian itu..
795;25/02/2023;Semoga secepatnya bisa di atasi insiden ini.
796;25/02/2023;Pokoknya semoga cepat dapat penanganan
797;25/02/2023;Turut berduka atas terjadinya insiden ini, semoga menjadi pembelajaran kedepannya
798;25/02/2023;Ternyata korban adalah karyawan rekanan pertamina, namun tetap turut berbelasungkawa semoga keluarga tabah
799;25/02/2023;PT PPLI tapi gercep lakukan investigasi
800;25/02/2023;Turut berbelasungkawa semoga keluarga yang ditinggalkan diberi ketabahan
801;25/02/2023;Bisa kita simak informasinya ya gais
802;25/02/2023;Korban insiden kecelakaan di blok Rokan bukan karyawan Pertamina akan tetapi karyawan rekanan Pertamina
803;25/02/2023;Semoga ya dengan kejadian ini para pekerja lebih berhati-hati
804;25/02/2023;Innalillahi turut berbelasungkawa atas meninggalnya para korban insiden kecelakaan di blok rokan
805;25/02/2023;Terimakasih banyak atas informasinya
806;25/02/2023;smoga ga terulang lagi kejadian seperti ini smoha yg di tinggal kan diberikan ketabahan
807;25/02/2023;Wah ini harus dishare ini informasinya
808;25/02/2023;Ini gais korban insiden kecelakaan di blok Rokan, Pertamina ungkap jika korban bukan karyawan Pertamina Rokan tapi karyawan Rekanan Pertamina.
809;25/02/2023;Ternyata bukan karyawan pertamina rokan yang menjadi korban kecelakaan ya
810;25/02/2023;smoga ga terulang lagi kejadian seperti ini
811;25/02/2023;Turut berdukacita atas insiden di blok Rokan, semoga tidak aja kedepannya tidak ada lagi kecelakaan kecelakaan seperti ini.
812;25/02/2023;meskipun begitu tetapi pertamina tetap gercep melakukan langkah investigasi atas kecelakaan tersebut
813;25/02/2023;turut prihatin dengan adanya insiden ini, semoga keluarga korban diberikan kesabaran ya
814;25/02/2023;semoga korban bisa diterima di sisi Tuhan yang maha esa ya
815;25/02/2023;Kecelakaan yg mengakibatkan korban jiwa semoga kecelakaan ini tdk terjadi lagi
816;25/02/2023;Wah semoga semua lekas membaik dan pulih kembali, dan investigasi yang dilakukan oleh PT. PPLI bisa membuahkan hasil
817;25/02/2023;harusnya tidak ada jadwal kegiatan untuk berada dalam area kejadian
818;25/02/2023;Semoga dengan kejadian seperti ini akan lebih hati-hati lagi para karyawan
819;25/02/2023;PT PPLI yg langsung bergerak lakukan investigasi salut banget deh
820;25/02/2023;Semoga kejadian kejadian yg seperti ini tidak pernah terulang kembali
821;25/02/2023;Semoga dari kasus ini bisa lebih aware lagi Turut berduka cita
822;25/02/2023;Ternyata insiden di blok Rokan terjadi saat jam istirahat PT ppli pun begitu bergerak cepat melakukan investigasi
823;25/02/2023;Dan untungnya PT ppli bergerak cepat melakukan investigasi ya smoga tak terulang lagi
824;25/02/2023;Pastinya langsung gercep di lakukan investigasi
825;25/02/2023;Semoga ini jadi pembelajaran agar tidak terjadi kejadian serupa kedepannya
826;25/02/2023;Salut banget sama PT PPLI yang gerak cepat lakukan investigasi insiden di blok Rokan yang terjadi saat jam istirahat
827;25/02/2023;walaupun itu bukan disaat jam kerja, tetapi PT PPLI tetap cepat melakukan langkah investigasi terhadap kejadian tersebut
828;25/02/2023;semoga insiden ini bisa tersolusi dengan cepat ya
829;25/02/2023;namanya musibah tidak ada yang tau kapan terjadi nya,turut berbelasungkawa atas kepergian mereka
