No,full_text;
"0,""kalau diChevron safety tidak bisa ditawar ,kalau Konoha safety bisa di86 kan sangat jauh perbedaannya "",,,,,,,,,,";
"1,""bahkan ada anniversary nya, 10 tahun tanpa insiden 20 tahun tanpa insiden, ini pertamina kek nya tiap tahun insiden wkwkw"",,,,,,,,,,";
2,setuju dari zaman caltex sampai chevron safety no 1,,,,,,,,,,;
"3,""Nah betul, kluarga ada disana kerja. Agak berbeda skarang, baik dari segi tunjangan, safty dll"",,,,,,,,,,";
"4,""apa lgi d prusahan china,safetynya cm formalitas doank bg"",,,,,,,,,,";
5,ya betul tukang sapu jalan aja pake safty  dan pake helm kalau chevron naik mobil pickup aja gak boleh ada penumpang di bak blakang..,,,,,,,,,,;
"6,""perusahaan swasta itu knp safety good karena mereka ad saham dunia. jangan kan fatality, oil spill aja bisa merugi mereka."",,,,,,,,,,";
7,yg penting progres progres dan progres,,,,,,,,,,;
"8,""cina mah manjat gedung tinggi 30 m,di scafolding mna ada pake safety tali"",,,,,,,,,,";
9,scafolding bg,,,,,,,,,,;
10,ini sih valid ,,,,,,,,,,;
"11,""beda jauh cevron dan pertamina,sepertinya baik di kelola asing dari pada di kelola bumn."",,,,,,,,,,";
12,iya bagus asing memang bos karna kalok sama orng asing lamaran kerja gak pakek nyogok,,,,,,,,,,;
13,bener,,,,,,,,,,;
14,betul,,,,,,,,,,;
"15,""bedah jauh bg sma sefty cevron,mes krja bgus"""" smua keaman kerja no1. tpi sjk Pertamina yg megang mes ya pun tenda biru."",,,,,,,,,,";
"16,""sefety itu , ga menghasilkan uang, tapi sangat fatal jika diabaikan."",,,,,,,,,,";
"17,""bener bgt tuh bg. aq d Riau da lbh 25 Thun jdi tau dikit kinerja mulai dri Caltex,smpai d pegang cevron."",,,,,,,,,,";
18,kok bisa perusahaan besar kebanggaan bangsa safety nya minus,,,,,,,,,,;
19,bukan kok bisa..emang segitulah bisanya pt lokal,,,,,,,,,,;
"20,""kalo chevron hutan paling dijaga, gak sembarangan tebang pohon"",,,,,,,,,,";
21,Chevron memanusiakan manusia,,,,,,,,,,;
22,sefty phr beda kelas,,,,,,,,,,;
23,jauh bedalah dengan chevron,,,,,,,,,,;
24,safety PHR masih mengadaptasi dengan chevron malah terasa lebih baik dan sudah direalisasikan Dgn baik,,,,,,,,,,;
25,tingga si pekerja aja mengimplementasikan dan peduli terhadap keselamata dia dan rekan kerja nya,,,,,,,,,,;
26,betul bg malah skrg dlokasi kadang djaga sm 2 wsm /wsr krn banyak helm ijo. ada hes specialist juga.,,,,,,,,,,;
27,accident kena boom crane sampai skrg krn alasannya pencahayaan kurang dozer buat moving dr lokasi lama ke baru gak boleh malam hari,,,,,,,,,,;
"28,""accident djalan raya krn mobil rusak, kabinnya diangkat dan pas cek kerusakan tiba2 ditabrak kabinnya sehingga kabin jatuh dan kena leher korban"",,,,,,,,,,";
29,yg sakit kena serangan jantung klo ada dapat sharingnya bisa tau kok alasannya meninggal krn apa bukan salah phr juga ,,,,,,,,,,;
30,yg terbaru dminas itu pdahal ngangkat fosv pake air hoist.air hoist kan ada safety latch. dan juga dibelakangnya bisa buat buka kunci safety latch tad,,,,,,,,,,;
31,biar aja mereka investigasi hasilnya krn skrg kan drig2 udah ada CCTV yg online langsung ke phr nya,,,,,,,,,,;
32,iya benarprasaan ga ada beda Hse ttp sama deh..sama2 dbwah naungan skk migas juga.balik lg ke individu masing masing safety krjanya dipakai atau tidak,,,,,,,,,,;
33,beda jauh ya,,,,,,,,,,;
34,jelas lah beda ,,,,,,,,,,;
35,padahal orangnya ex chevron juga tuh. apa karna beda logo saja,,,,,,,,,,;
36,lebih bagus jaman Chevron.. karyawan atau mitra kerjanya di perhatikan..klu Pertamina selalu pandai pandai,,,,,,,,,,;
37,betul,,,,,,,,,,;
38,itu sdh waktunya gk ada yg bisa d slahkn,,,,,,,,,,;
"39,""Tuhan kasih otak kita untuk berfikir, berikhtiar."",,,,,,,,,,";
"40,""tapi bisa di hindari,karena safety first"",,,,,,,,,,";
"41,""ya kalo di implementasikan di lapangan ngapain pake safety officer, semua sudah ajalnya gausah di cegah dan dimonitor gitu ya"",,,,,,,,,,";
42,dengar baik2 6 yg mninggal krn faktor umur dan SaKit. 1 nya baru karena mninggal di lapangan kerja. jd ga bs jd acuan kurangnya safety,,,,,,,,,,;
43,ya sakitnya krn kecelakaan kerja,,,,,,,,,,;
44,hahah dgar baik2 ad telinga kan? cm 1 yg kclakaan krja. klo soal Hess safety krja dr chevron-PHR itu sma. msh sma2 dbwah pngawasan skk migas ,,,,,,,,,,;
"45,""semua safety udh di sarankan utk di gunakan... jd tergantung kita.. semua sudah di training kan kok... jd dmn slah nya, pertamina.. pengen tau..."",,,,,,,,,,";
"46,""lah kan benr aq blg, ga ad beda dr caltex/chevron/PHR hse safety nya ttp sma aja koq.balik lg ke individu msing2 gmn pnggunan di lapangan."",,,,,,,,,,";
47,ayok lah bapak² penguasa kembalikan Chevron lagi... soalnya terasa sekali,,,,,,,,,,;
48,Beda Lah. Chevron Mengutamakan Keselamatan Karyawan nya. Itu Pasti.,,,,,,,,,,;
49,sistem coboy kah 2 tahun sampe 7 fatality ,,,,,,,,,,;
"50,""tau sama tau aja bg,sekarang selagi gada phr atau cctv coboy lah"",,,,,,,,,,";
51,masa company man nya coboy juga ,,,,,,,,,,;
52,kan udah di ambil alih juga bang secara Adminitrasi pindah ke pihak PHR...,,,,,,,,,,;
53,iya maksudnya sekelas PHR kok banyak insident gitu loh,,,,,,,,,,;
54,Itulah bedanya,,,,,,,,,,;
55,AKIBAT HSE NYA PAKAI ORANG DALAM,,,,,,,,,,;
56,manajemen K3 nya patut di pertanyakan,,,,,,,,,,;
57,chevron jika ada insiden fatality maka bisa shutdown lama buat investigasi.kmaren dapat kabar ada yg tertimpa block hook RIG,,,,,,,,,,;
58,iya bener banget,,,,,,,,,,;
59,saya tinggal di riau dulu jaman Chevron yang pegang demi apa masuk. kawasan mereka asri banget,,,,,,,,,,;
60,skrg udh kek hutan belantara ..,,,,,,,,,,;
"61,""di caltex maupun chevron, kurang 1 Apd saja, dilarang kerja. begitu lah standar mereka menghargai keselamatan pekerjanya."",,,,,,,,,,";
"62,""itu bukan kurang APD, ditimpa sama fosv mau pake apd apa yg bisa nahannya?"",,,,,,,,,,";
63,beda kelas,,,,,,,,,,;
64,dan PHR menyebut itu bukan kecelakaan kerja tetapi meninggal akibat sakit..kan lawak,,,,,,,,,,;
65,ga bro yg terakhir dpn mata gw itu karna kelalaian,,,,,,,,,,;
66,ceritain bg,,,,,,,,,,;
67,marga Simamora yg terakhir yg meninggal itu bg,,,,,,,,,,;
"68,""iya bang aku tau..aku dapat info di grup kerja & grup kontraktor. tapi PHR mengelak dan mengatakan itu meninggal karena sakit,semuanya."",,,,,,,,,,";
"69,""dl pernah jd org HES di salah satu kontraktor CPI kalo fatality begini Minas, Duri, PetKo, Dumai SWA smua stand down meeting smua skrng gak tau deh"",,,,,,,,,,";
"70,""masih kok bang, gak hanya fatality, incident sekecil apapun yang berbahaya kita tetan stand down meeting"",,,,,,,,,,";
71,siap bg safety,,,,,,,,,,;
"72,""putra daerah semua yg bekerja disitu ,orang luar daerah seperti orang jawa Dan suku lainya ngak bisa Masuk ,knapa ya "",,,,,,,,,,";
73,kenapa ya,,,,,,,,,,;
74,yg tau tau aja,,,,,,,,,,;
75,Wkwkkw,,,,,,,,,,;
76,Skkwkw sma tau lah .. safety nya ,,,,,,,,,,;
77,safety first kurang,,,,,,,,,,;
78,orang Indonesia GK sama dgn Eropa orang Eropa Septy meman mantap orang kita gk,,,,,,,,,,;
"79,""turut berduka cita untuk korban, kedepannya tolong lebih hati-hati lagi utamakan keselamatan dalam bekerja"",,,,,,,,,,";
80,beda kelas,,,,,,,,,,;
81,Rig 11 berduka,,,,,,,,,,;
82,zaman jd sub nya chevron dulu mesti 1 minggu induction safety.,,,,,,,,,,;
83, investigasi mendalam by Disnaker pandai pulak anak² honor rig ttg HSE drpd yg mulia tuan Disnaker buncit² itu.,,,,,,,,,,;
84,di Indonesia Peraturan Untuk dilanggar. Larangan Adalah Perintah.,,,,,,,,,,;
"85,""ngga ada yang dilanggar juga bang, karna lagi massive aja."",,,,,,,,,,";
86,all about safety,,,,,,,,,,;
87,udh minim tuh yg nama nya safety hemat budget biaya uang keluar,,,,,,,,,,;
88,beda kelas,,,,,,,,,,;
89,kalau ibaratkan safty. PHR kayak anak kecil dibanding chevron ,,,,,,,,,,;
90,minas punya cerita,,,,,,,,,,;
91,Beda kelas,,,,,,,,,,;
92,duh siapa pulak yang men viral kan ini inniii parah ni,,,,,,,,,,;
93,Sangat tertarik,,,,,,,,,,;
94,wow..loh kok bisa,,,,,,,,,,;
95,Tapi sudah INTERNASIONAL,,,,,,,,,,;
96,Jelas bedaaa level nya,,,,,,,,,,;
97,Inpo org dalam,,,,,,,,,,;
98,mana bisa dibandingkan dengan pertakonohe..standar percincaian vs internasional.,,,,,,,,,,;
99,pnting nya k3 di perusahaan,,,,,,,,,,;
100,knapa ya phr memperbanyak RIG di sana?,,,,,,,,,,;
101,kalo Chevron dulu safety no. 1 sedangkan PHR Produksi no. 1,,,,,,,,,,;
"102,""Selama masih dipegang caltex dan chevron, belum pernah dengar kecelakaan kerja "",,,,,,,,,,";
"103,""Chevron safety firts,pengawai adalah harta yang paling berharga"",,,,,,,,,,";
104,itu lah bedanya perusahaan luar dengan negri sendiri .padahal baru beberapa hari udah ada insiden lagi,,,,,,,,,,;
105,Chevron safety no1,,,,,,,,,,;
"106,""24 taun hidup di lingkungan chevron, prinsip safety tetap terimplementasi dalam kehidupan sehari”"",,,,,,,,,,";
107,namany jg udh indonesia yg megang,,,,,,,,,,;
108,udh lebih dari 7 kali,,,,,,,,,,;
"109,""ingat no 1 tu SafetyFirts, jgn hny kejar target  mudah mudahan kedepannya tidak ada lagi accident yg terjadi"",,,,,,,,,,";
110,safety first,,,,,,,,,,;
111,kawan kerja aku yang baru ini ,,,,,,,,,,;
112,kawan aku yang baru ini  astaga tuhan gak nyangka kali aku,,,,,,,,,,;
113,kami atas nama redaksi riauin.com turut berduka cita mendalam.  semoga tdk ada lg korban² berikutnya Krn kelalaian,,,,,,,,,,;
114,oh umur 22 thn ya ? fresh graduate dong ,,,,,,,,,,;
115,setuju,,,,,,,,,,;
116,biasa lah main 86,,,,,,,,,,;
"117,""zaman Chevron, kerjakan dengan selamat atau tidak sama sekali, sekarang, kerja kerja kerja, ga mau kerja masih banyak yg mau kerja"",,,,,,,,,,";
118,di ambil pertamania malah harga melonjak jauh bukannya lebih baik karena di ambil alih sndiri,,,,,,,,,,;
119,itu blm lagi tender sub kontraktor,,,,,,,,,,;
120, selalu Sefty bro waktu kerja,,,,,,,,,,;
121,iyo siap bro,,,,,,,,,,;
122,sudah jelas beda kelas chevron dan pertamina,,,,,,,,,,;
123,siapa aja namanya  rilis dong ,,,,,,,,,,;
"124,""sabar ya, pasti segera tayang itu nama²nya. betul kan min"",,,,,,,,,,";
"125,""beda kelas , standard amerika , California dengan Indonesia"",,,,,,,,,,";
126,jauh beda kelas.. konoha yg menguasai,,,,,,,,,,;
127,anak Offshore nyimak,,,,,,,,,,;
128,safety kurang gmn ni,,,,,,,,,,;
129,semenjak PHR anak Riau susah masuk kerja.,,,,,,,,,,;
"130,""Yang ketujuh sih YTTA saya kebetulan di kontraktor PHR juga, jadi ya begitulah"",,,,,,,,,,";
131,mau asing atau bumn sama2 gk kerasa hasil nya. beda nya pekerja lebih nyaman sama asing karna gaji sesuai kerjaan ,,,,,,,,,,;
"132,""ini akibat kontrak yg murah, jd kontraktor nya, klu barang nya rusak, susah untuk pergantian barang2 yg rusak..."",,,,,,,,,,";
133,Hahaha safety nya kurang itu… beda ama chevron,,,,,,,,,,;
134,tagline nya caltex safety first,,,,,,,,,,;
135,sdh biasa kl kita kerja di tambang apalg ngebor minyak bnyk hal yg kasat mata ikut nimbrung megawe makanya sll safety dan rajin berdoa,,,,,,,,,,;
136,Beda Kelas,,,,,,,,,,;
137,Pertamina ,,,,,,,,,,;
138,karna adanya insiden fatality.. seperty drop objek tertimpa blok crane boom 5 ton . dan meninggal serangan jantung. terakhir tertimpa FOSV..,,,,,,,,,,;
139,hancur K3 nya bos ,,,,,,,,,,;
140,ada apa yaaa,,,,,,,,,,;
141,k3 gaji buta boss,,,,,,,,,,;
142,dijambi petro-rokan juga sering ada kecelakaan ....,,,,,,,,,,;
"143,""safety first tak berlaku diwakanda....tau sendiri lah yang pernah dimigas area TOTAL,vico,chevron,BP"",,,,,,,,,,";
144,K3 di perusahaan Indonesia itu rata rata cuma fromalitas,,,,,,,,,,;
145,HSE nya tuh....,,,,,,,,,,;
146,hasil limbah aja mereka gak sembarangan meninggalkan,,,,,,,,,,;
147,kalau chevron,,,,,,,,,,;
"148,""semenjak gk sama chevron lagi, banyak bgt korban"""" nya, apakah gerangan?"",,,,,,,,,,";
"149,""standar safetynya chevron tinggi banget bro, bahkan di perumahan karyawannya aja diterapin"",,,,,,,,,,";
150,beda standar keselamatan nya mungkin,,,,,,,,,,;
151,karena safety nya perusahaan indonesia masih rendah..,,,,,,,,,,;
152,ga sembarang orang masuk ke lingkungan itu,,,,,,,,,,;
153,gw rasa iya juga,,,,,,,,,,;
154,true bro,,,,,,,,,,;
155,iya bener tu bro,,,,,,,,,,;
"156,""bener, udah 5 kecelakaan"",,,,,,,,,,";
157,sepemikiran,,,,,,,,,,;
158,kayanya gak punya departmen SHE,,,,,,,,,,;
159,lebih murah bro,,,,,,,,,,;
"160,""bukan 5, insiden 8 atau 9 dengan korban jiwa 10 orang"",,,,,,,,,,";
161,banyak banget ternyata. makasihh udah ngelurusin,,,,,,,,,,;
162,slogan chevron kerjakan dgn selamat atau tidak sama sekali. utamakan safety. trut berduka buat keluarga korban,,,,,,,,,,;
"163,""do it safely or nothing at all, sudah ga ada lagi bang"",,,,,,,,,,";
164,kalau dulu Cevron memang gitu bang tapi sekarang sudah BUMN,,,,,,,,,,;
165,Maaf itu bukan chevron,,,,,,,,,,;
166,chevron udah gak ada,,,,,,,,,,;
167,ganti jadi pertamina langsung keok ,,,,,,,,,,;
168,Skrg dipegang pertamina bang bukan chevron lagi,,,,,,,,,,;
169,yang nama Ade iLham kk,,,,,,,,,,;
"170,""itulah bg,harusnya standard BUMN kita harus lebih safety"",,,,,,,,,,";
171,Ada apa dengan pengawasan dan penerapakan pada perusahaan-perusahan di Riau?,,,,,,,,,,;
"172,""kalau urusan keselamatan kerja, Chevron Pasific Indonesia juaranya"",,,,,,,,,,";
173,udah gak heran kakak kalau gak safety bukan indo namanya,,,,,,,,,,;
"174,""emng betul saya ngalami ikut sebagai subkon,ketat banget safetynya"",,,,,,,,,,";
"175,""mksd nya safety bukan indo, apa gak safety bukan indo "",,,,,,,,,,";
"176,""ini rekaman cctvnya fyp kemarin sore, yang 2 orang mau nolongin tapi tak kunjung naik juga"",,,,,,,,,,";
177,iya ,,,,,,,,,,;
178,untuk korban semoga husnul khotimah,,,,,,,,,,;
179,salah satu orang yg nolongin adalah tetangga saya semoga beliau Husnul khotimah ,,,,,,,,,,;
180,info warga duri bg,,,,,,,,,,;
181,negaracerdas Nih Bg,,,,,,,,,,;
182,lupa nama akunnya bang,,,,,,,,,,;
183,nonton di cakaplah.official,,,,,,,,,,;
184,nonton dimana bg,,,,,,,,,,;
185,aminn semoga husnul khotimah ka,,,,,,,,,,;
"186,""gas H2S mematikan,kenapa pekerja tidak pakai portable gas detector."",,,,,,,,,,";
187,hemat budget mungkin kan,,,,,,,,,,;
188,personal gas detector,,,,,,,,,,;
189,entah JSA nya gmna entah juga HSE nya gimana,,,,,,,,,,;
"190,""minimal cek dulu dgn Gas Detector & jika masuk pakai SCBA, wajib hukumnya safety."",,,,,,,,,,";
191,kadang gas detector itu suka telat bang bnyk ko kejadiannya pernah jg kan di tambang bawah tanah udah dicek aman baru beberapa langkah langsung mati,,,,,,,,,,;
192,jd ingat oom.dulu kerja di caltex skrg chevron kan kok udah jd pertamina ya gmana ceritantanya,,,,,,,,,,;
193,Semua akan pertamina pada waktunya wkwk badak bontang otw,,,,,,,,,,;
194,sini kita cerita mulai dari awal,,,,,,,,,,;
195,duduk yg manis jgn lupa kopi 2gelas,,,,,,,,,,;
196,Saya tidak tau yg mulia ,,,,,,,,,,;
197,bener bngt,,,,,,,,,,;
198,Mau bg di critain hhe,,,,,,,,,,;
199,kirain yg 2 orang nolongin itu selamat. Ternyata,,,,,,,,,,;
200,Iya kasihan,,,,,,,,,,;
201,perusahaan kaleng kaleng kok bisa dapat projeck di perusahaan minyak,,,,,,,,,,;
202,ya biasalah pak ,,,,,,,,,,;
"203,""salah satu dari tiga orang itu ada om ku,,yang seniornya"",,,,,,,,,,";
204,g satunya lagi ipar saya ,,,,,,,,,,;
205,yang mana tu kak?,,,,,,,,,,;
206,hilang deh sertifikat CSMSnya itu PT,,,,,,,,,,;
207,ah yg bener ,,,,,,,,,,;
208,selama ada duit aman,,,,,,,,,,;
"209,""Nah betul, harusnya kerja ci confined space wajib gas test dulu"",,,,,,,,,,";
210,hanya perusahaan eropa amerika' yang bagus dari segi safety .perusahaan lokal yang penting cuan ,,,,,,,,,,;
211,eropa amerika berani bayar mahal untuk K3nya ya ka ,,,,,,,,,,;
212,iya makanya kalau kerja di perusahaan itu pasti bahagia banget,,,,,,,,,,;
213,standard safety utk confined space tdk jalan,,,,,,,,,,;
"214,""Bedaaa doonk, slogan cevron kerjakan dngan selamat atau tidak sama sekali"",,,,,,,,,,";
215,Confine Space procedure nya kemana?,,,,,,,,,,;
"216,""hayo loh k3 safety nya kmna nih,"",,,,,,,,,,";
217,HES nya kmn?? jangan bilang lagi duduk ngopi di warung.,,,,,,,,,,;
"218,""seharusnya check kadar oksigen atau gas sebelum memasuki tanki, begitu juga kita kalo kerja dikapal sebelum memasuki tanki"",,,,,,,,,,";
219,pertamina nih boss kwkwkwkw,,,,,,,,,,;
"220,""PHR lagi, udah brp fatality semenjak di ambil alih dr chevron "",,,,,,,,,,";
"221,""udah emang the best safety nya Chevron kalau gini mah..kerja kan dengan selamat atau tidak sama sekali , utamakan safety karyawan wahai Pertamina"",,,,,,,,,,";
"222,""That is confined space, you guys should follow the procedure."",,,,,,,,,,";
223,kembalikan chevron.. kangen chevron,,,,,,,,,,;
"224,""namya enclosespce sblm masuk harus di cek dulu udara di dlm ruangan nya ,ga bisa smbrng masuk"",,,,,,,,,,";
225,jaman CHevron jarang² ada insiden fatality ini setahun ini udah banyak fatality,,,,,,,,,,;
"226,""Yg berdua mau menyelamatkan korban prtama ,,, msuk kdlam jga, eh korban jdi nambah...."",,,,,,,,,,";
"227,""cleaningtank diluar prosedur, seharusnya gasfeee 3 hari 3 malam supaya metana hilang dalam tanki"",,,,,,,,,,";
228,K3 Safety first nya kmn,,,,,,,,,,;
229,Zaman chevron sangat minim karena tingkat safetynya sangat tinggi,,,,,,,,,,;
230,Confined Space Portable Gas Detector JSA checked Turut prihatin HSE Team,,,,,,,,,,;
231,ini K3 nya mana,,,,,,,,,,;
232,kemana ni HSE nya,,,,,,,,,,;
"233,""dulu waktu di kelola Chevron aku ga pernah dengar kasus gini sih ,ntah aku yg ga tau atau gimana"",,,,,,,,,,";
"234,""Chevron itu menurut safety di industri oil gas, comp no1 dunia urusan safety, jgn dibandingkan dgn comp sekelas pertamina lah"",,,,,,,,,,";
235,Perusahaan sebesar ini?,,,,,,,,,,;
236,enak jaman cevron intinya,,,,,,,,,,;
237,lebih baik kembali ke chevron,,,,,,,,,,;
238,baru aja di bahas pas lagi toolbox meeting pagi,,,,,,,,,,;
"239,""duh begtu sulitkah perusahaan besar.. menyediakkan APD untuk pekerja.a,. ap lg limbah hrs check dlu ad gas beracun/ tdk baru mulai pembersihan"",,,,,,,,,,";
240,K3 pasti memberikan TBM sebelum bekerja tapi ini lalaikan APD terkadang di lapangan pekerja mengabaikannya,,,,,,,,,,;
241,ya benrrr terkadang kita yang melalaikan dan angap sepele keselamatan..semua nya pasti sudah di papar panjang lebar sebelum bekerja..,,,,,,,,,,;
"242,""ya, maksudnya! terapkan seperti Chevron"",,,,,,,,,,";
"243,""sop kerja di ruangan terbatas itu kan ad prosedur ny, sblum kerja hrus paham bayaha dn resiko"",,,,,,,,,,";
"244,""SDM bagian K3 nya kita blum siap Kya nya... masih menganut sytem """"ah aman tuh"""" masih cuek dengan K3, d kantor gw aja, bersihkan kaca kantor d lt3 gak"",,,,,,,,,,";
"245,""pakai safety cuma modal pakai kain lap sama semprot'an kaca, padahal injakan beton luar nya cuma 50 cm,"",,,,,,,,,,";
246,k3 nya auto panik,,,,,,,,,,;
"247,""Pertamina mana ada k3 perusahaan lokal, kalo Chevron pengawasan k3 ketat karena safety bagi perusahaan barat itu nomor 1"",,,,,,,,,,";
"248,""kalo di TOTAL kalo tak punya sertifikat confined space, tak boleh kerja kita didalam container tank limbah.wajib ada"",,,,,,,,,,";
249,k3 hanya sekedar Sertifikat dan Formalitas,,,,,,,,,,;
250,Koq bisa? PTW nya ada ga? JSA dan Gas Detection ngga dilakukan?,,,,,,,,,,;
251,Unauthorized works?,,,,,,,,,,;
252,tanya saja sama bu bidan,,,,,,,,,,;
253,harus pakai oxygenmeter,,,,,,,,,,;
254,bumn nih boss,,,,,,,,,,;
"255,""liat video rekaman cctv nya ,yg 2 org temannya mau nolongin trnyta mlh meninggal juga "",,,,,,,,,,";
256,liat nya dimana teh,,,,,,,,,,;
257,liat diakun org td lewat diberanda,,,,,,,,,,;
"258,""hadeh perusahaan gmna si, kok smpe trjdi korban"",,,,,,,,,,";
259,SOPnya gmn...,,,,,,,,,,;
260,dulu saat masih chevron sangat jarang terjadi kecelakaan kerja sejak sm pertamina dah sering padahal baru 2 tahun di ambil alih,,,,,,,,,,;
261,pentingnya pengecekan free gas di enclosed space area,,,,,,,,,,;
262,ohh tahun lalu,,,,,,,,,,;
263,td baru fyp rekaman nya gak tega liatnya udah berjuang naik tp krna lemas jd masuk lagi ,,,,,,,,,,;
"264,""penerapan masuk confined spacenya mana nih, pada lupa sepertinya. Yaa Allah "",,,,,,,,,,";
265,woi sekarang 2023 bukan 2022. kok kejadian nya 2022.,,,,,,,,,,;
266,HELLO Chevron,,,,,,,,,,;
267,Pertamina oi...udah di ambil alih .,,,,,,,,,,;
268,td baru liat cctv ny kawan me bantu malah jd korban juga,,,,,,,,,,;
"269,""3 org ya, kira aku 1 org yg 2 org nyelamatin, ya Allah semoga Khusnul khatimah "",,,,,,,,,,";
"270,""gk tega lho liat ftonya dan videonya, temen suami wktu skolah"",,,,,,,,,,";
271,sudah saat nya tidak memakai produk merah,,,,,,,,,,;
272,up terus. jgn sampe hilang kasusnya,,,,,,,,,,;
273,calon suami ku lg kerja lapangan juga yaallah semoga selalu dalam lindunganmu,,,,,,,,,,;
274,@cakaplah.official video lengkap nya,,,,,,,,,,;
275,Padahal yg 2 org tu mw nolongin yg pertama,,,,,,,,,,;
276,Safety first ,,,,,,,,,,;
277,kirain PT. PPLI mandoge,,,,,,,,,,;
"278,""innailahi waiinailahi rojiun, semoga Almarhum diterima di sisi Allah swt yang paling baikk, dan perusahaan bertanggung jawab atas safety karyawan"",,,,,,,,,,";
279,SOP nya gmana sekelas pertamina loh,,,,,,,,,,;
280,husnul khotimah,,,,,,,,,,;
281,semoga mereka husnul khotimah ,,,,,,,,,,;
282,udah tau gas bracun knpa ga di kasi masker kusus,,,,,,,,,,;
283,3 orang aja masih kena. SOP?,,,,,,,,,,;
"284,""anjr itu PT PPLI ada di daerah Kab. Bogor, kalo ujan beuh baunya MasyaAllah banget, bau busuk bikin pusing wkwk"",,,,,,,,,,";
285,Waduhh masuk tanpa gas detector terlebih dahulu,,,,,,,,,,;
286,selalu gunakan masker saat masuk ruang tebatas dan cek kadar oksigen didalam,,,,,,,,,,;
287,itu yang nyelametin udah makai masker tapi ikut meninggal juga,,,,,,,,,,;
288,rokan hulu,,,,,,,,,,;
"289,""di VT sebelumnya jelas. pertama 1 karyawan jatoh lalu 2 org karyawan nolongin,. lah nyusul lah 2 org itu"",,,,,,,,,,";
290,kasihan banget ya Allah aku liat mayatnya,,,,,,,,,,;
291,2023 min,,,,,,,,,,;
292,memang Di riau Banyak kasus kecelakaan Dalam kerja apalgi Terkhusus bagian RIG .masuk kerja susah Klo gini Banyak Permasalahan Yg Blm terselesaikan,,,,,,,,,,;
293,kerja di ruang terbatas ( confined space ) wajib cek kandungan gas terutama kadar oksigen. PPLI itu subcon buat tanganin limbah pertamina.,,,,,,,,,,;
"294,""knpa br skrg pemberitaan? emgny pas caltex,chevron smpe ganti Phr skrg br skrg ada kclakaan krja?  halo HSE nya ttp sama koq,balik lg ke SOP msg2"",,,,,,,,,,";
"295,""pertamina safety saja diduluin no 1 gausah profit, wong pasti disubsidi terus ko"",,,,,,,,,,";
296,Tumbal proyekkk,,,,,,,,,,;
"297,""ditempat gw, gk pake sarung tangan aja disuruh balik"",,,,,,,,,,";
298,padahal sangat rentan kecelakaan,,,,,,,,,,;
299,RIP K3 ,,,,,,,,,,;
300,Yang prtma satu karyawN yang dua orang mau nolongin ikutan mninggal,,,,,,,,,,;
301,Sekelas Pertamina apa Gak Di Training Prosedur Kerja Confined Space apa ,,,,,,,,,,;
302,K3 mana k3,,,,,,,,,,;
303,Kok bisa? Safety nya gimana ini,,,,,,,,,,;
"304,""oh ini yg tadi videonya 1 orang masuk, eh trus pas mau keluar tbtb jatuh kedalem, trus 2 temennya nyelametin dia. jadi temennya ikutan keracunan dong"",,,,,,,,,,";
305,innalillahi wainailaihi rojiun semoga Husnul khotimah ,,,,,,,,,,;
"306,""nekat beroperasi walau ad lini yg standrny seadanya, welcome to Konoha "",,,,,,,,,,";
"307,""dalam 2 tahun korban ny aja udh 8 ,"",,,,,,,,,,";
308,rekaman cctv nya ada di akun ini,,,,,,,,,,;
309,APA TIDAK ADA SURAT IJIN PADA RUANGAN TERBATAS? APA TIDAK ADA PENGAWAS DISITU,,,,,,,,,,;
310,H2s ya gas nya? apa CS2?,,,,,,,,,,;
"311,""tidak ada nya RISK ASESMEN, tidak Ada JSA, tidak ada petugas AGT"",,,,,,,,,,";
"312,""jgn sepelekan confined space, ruang pengap tertutup."",,,,,,,,,,";
313,lalai menerapkan penanganan bekerja diruang tertutup confined space sudah bnyk korban akibat tidak sesuai SOP,,,,,,,,,,;
314,The power of amplop,,,,,,,,,,;
315,Pentingnya k3,,,,,,,,,,;
316,tahun 2022,,,,,,,,,,;
317,Kenapa tidak pakai safety ya? Ga ada penerapan safety kah,,,,,,,,,,;
318,saftyny gmn sih ,,,,,,,,,,;
319,Chevron,,,,,,,,,,;
320,prasaan pertamina sering kali ya kecelakaan kerja ini,,,,,,,,,,;
321,kok ga pakai masker dan oksigen?,,,,,,,,,,;
322,PERTAMINA BEST OF THE BEST,,,,,,,,,,;
323,cctv ada di cakaplah.official,,,,,,,,,,;
324,Risk assesment.. gas check..permit to work..ready to work.accident d lokasi confined space kyk gini sringkali brulang. smoga kluarga korban d tabahkan,,,,,,,,,,;
325,pt besar tapi K3 yg mahalnya mintak ampun gak jalan,,,,,,,,,,;
326,innalilahi wa innailaihi rojiun,,,,,,,,,,;
327,udh liat ini video nya.. pertama temennya ke 2 nyusul ke 3 nyusul juga,,,,,,,,,,;
328,tahun kemaren? ni skrg 2023,,,,,,,,,,;
"329,""2023 itu,, salah ngomong"",,,,,,,,,,";
330,INI DIVISI K3 NYA DIMANA YA,,,,,,,,,,;
331,K3nya kena tuh ,,,,,,,,,,;
332,makanya shalat Jumat,,,,,,,,,,;
333,kekurangan oksigen sprtinya,,,,,,,,,,;
334,seharusnya APD harus lengkap apa lagi ini kerja di ruang terbatas.,,,,,,,,,,;
335,chevron itu siapa ya?,,,,,,,,,,;
336,safety nya ngapain aja disana,,,,,,,,,,;
337,pak safety ga ngecek zat yg ada di confined space?,,,,,,,,,,;
338,Mas itu jam istirahat kerja sudah di perintah untuk semua stop pekerjaan,,,,,,,,,,;
"339,""sebelum masuk ke confined space diwajibkan untuk mengecek kadar zat yg ada didlm confined space, sudah dilakukan?"",,,,,,,,,,";
340,dan untuk bekerja di confined space max 2 jam sekali harus keluar dari situ untuk mencari udara segar. dan harus ada sirkulasi udara diruangan tersebu,,,,,,,,,,;
341,Mas sebelumnya tau kronologinya engga,,,,,,,,,,;
"342,""Jangankan di gas test, masuk tanki harus menggunakan SCBA. Dan itu kejadian pas istirahat tidak ada kegiatan apa2 didalam"",,,,,,,,,,";
343,Masih didalami motifnya apa pekerja tersebut ingin masuk kedalam tanki ketika jam istirahat,,,,,,,,,,;
344,Liat video nya yg korban pertama 1 trus yg 2 nolongin tp engga keluar lagi ,,,,,,,,,,;
345,tahun 2022,,,,,,,,,,;
346,pentingnya Risk Assestment,,,,,,,,,,;
347,innalillahi,,,,,,,,,,;
348,Masya Allah In sya Allah Husnul Khotimah Meninggal saat sedang mencari rejeki untuk keluarga dan di hari jum'at,,,,,,,,,,;
349,EMG sulit sih gak tau lagi disana itu budaya k3 nya udh baik apa belom,,,,,,,,,,;
350,ya Allah jadi takut.suami q juga kerja Pertamina ,,,,,,,,,,;
351,innalilahi wa innailaihi rojiun,,,,,,,,,,;
352,Turut berduka cita.. ,,,,,,,,,,;
353,bring chevron back,,,,,,,,,,;
354,in yg kmren.. prtma cma 1 aj yg masuk... yg 2 lain niat nolongin mlh ikt tewas,,,,,,,,,,;
355,sekali lagi hulu rokan,,,,,,,,,,;
"356,""ya Allah kok sering banget ya... semoga semua diberi kesehatan, soalnya calon suami aku jadi HSE di PHR juga"",,,,,,,,,,";
357,salut sm tmnnya ikut berkorban juga,,,,,,,,,,;
358,Ya allah semoga mereka husnul khotimah. Safety nya kurang aku liat di videonya ngak ada alat bantu aku liat. nyawa penting karena ngk bisa balik lagi,,,,,,,,,,;
359,berita nya mereka kerja pas orang sholat Jumat sehingga tidak ada yg tau.,,,,,,,,,,;
"360,""pantesan bapak gw maunya gw masuk chevron drprd pertamina, gaji lebih besar keamanan oun terjamin"",,,,,,,,,,";
361,sekelas BUMN loh.. K3 nya gmn,,,,,,,,,,;
362,Karna sekelas bumn makanya gitu. Coba pas masih chevron,,,,,,,,,,;
"363,""K3 nya ketutuan ma rupiah,, jadi Sefty nya number 3"",,,,,,,,,,";
364,dari video itu yang masuk gx make perlengkapan kerja seharusnya kalo mau masuk hatus oake masker gas,,,,,,,,,,;
365,@Yusril takut,,,,,,,,,,;
366,di tempatku namanya CONFINED SPACE atau ruang terbatas.,,,,,,,,,,;
367,kangen Chevron,,,,,,,,,,;
368,niat hati dua org itu mau nolongi .. malah ikut meninggal .. turut berduka cita utkvkeluarga,,,,,,,,,,;
369,Mud tank kayak nya ya,,,,,,,,,,;
370,Ya klu masalah safety ya jelas pertamina ketinggalan jauh sama chevron..,,,,,,,,,,;
371,Husnul khotimah,,,,,,,,,,;
372,Pakai Masker seperti pemadam kebakaran luar negeri mungkin bisa aman,,,,,,,,,,;
373,Aduh safetynya gimana nih ,,,,,,,,,,;
374,Bisa jadi renungan buat para petinggi PT.PHR. Dikarenakan Recruitment dilapangan lebih mendahulukan yg BAYAR daripada yg SKIL dibidangnya.,,,,,,,,,,;
375,K3nya mana ituuu hadehhh..,,,,,,,,,,;
"376,""Fungsi safety dsana patut dpertanyakan, jangan nanti jadi alasan penyebab tragedi ini oleh human error/kesalahan korban untuk mencari aman."",,,,,,,,,,";
377,k3 nya perlu di pertanyakan,,,,,,,,,,;
378,klo kerja tolong SOP nya jelas pke oksigen biar aman krn kontener itu baunya mnyengat bgt jdi hrus pke tabung oksigen itu hrus di tekankn ke pekerjany,,,,,,,,,,;
379,terus apa kerjanya pak safety bisa sampe kejadian gitu...paling ngga di cek dulu kadar gas dalam tengki pake alat,,,,,,,,,,;
"380,""Kejadian ini saat tidak jam kerja, ptw tidak ada di dalam pekerjaan itu, alasan mereka kesana belum di ketahui dan masih di investigasi"",,,,,,,,,,";
381,kalo udah di tangan perusahaan lokal ya bgtu. beda klo masih di pegang chevron lngsung.,,,,,,,,,,;
382,kulim ini,,,,,,,,,,;
383,ini prasada pamunah?,,,,,,,,,,;
384,kok 24 februari thn 2022??,,,,,,,,,,;
385,Tp mereka mngerjakan d saat istrhat. Dsaat yg lain sdg sholat jumat..,,,,,,,,,,;
386,izin masuk bejana nya coba cek dlu pak... apa tidak ada pengurus safety nya di sana,,,,,,,,,,;
387,sekelas perusahaan pertamina,,,,,,,,,,;
388,udah sering induction loh pdahal sekelas Pertamina,,,,,,,,,,;
"389,""masuk ke dalam penampungan limbah, kayak masuk ke dalam penampungan air.."",,,,,,,,,,";
"390,""baru liat CCTV, pdhl yg 2 mau nolong kayaknya"",,,,,,,,,,";
"391,""Pentingnya pengetahuan dalam confined space entry. H2S sangat berbahaya, tidak berbau, tidak berwarna. Pengawas harusnya cek dlu."",,,,,,,,,,";
"392,""kya apa HSE.a,.. sblm mulai kerja harus di gas tes dulu to sama HSE.a"",,,,,,,,,,";
393,Itulah bedanya pemegang aset dlu dan pmegang aset skrng wkkwkwk,,,,,,,,,,;
394,dmna ini om,,,,,,,,,,;
395,balam Rokan hilir riau,,,,,,,,,,;
396,balam field,,,,,,,,,,;
397,Tumbal,,,,,,,,,,;
398,dari dulu Chevron memang the best..,,,,,,,,,,;
399,harusnya pakai gas detektor utk cek free gas di dalam kontainer limbah itu. safety harus di utamakan,,,,,,,,,,;
400,turut prihatin dan berduka cita.... semoga almarhum Khusnul Khotimah,,,,,,,,,,;
401,Ini tetangganya bu Witri nyi yg meninggal @Neta nya Apam kasian ya ,,,,,,,,,,;
402,Innalillahi,,,,,,,,,,;
403,turut berduka cita,,,,,,,,,,;
"404,""kalau soal safety, jauh, chevron masih yang terbaik,, keselamatan jelas no satu, kerja no dua"",,,,,,,,,,";
405,2022 atau 2023 to,,,,,,,,,,;
406,miminya lupa tahun,,,,,,,,,,;
407,pentingnya penerapan K3..,,,,,,,,,,;
408,Standar keselamatan perusahaan domestik kayanya lbh rendah dr pd luar ya.,,,,,,,,,,;
"409,""""""24 ferbruari tahun 2022"""" apa cuma aku saja yg mendengarkan masnya ngomong itu. kita masih hidup di kenangan masa lalu ya"",,,,,,,,,,";
410,bisa bisa nya,,,,,,,,,,;
411,gas test ? JSA ? pengawasan ? self lanyard ? ohh creeps. turut duka untuk kejadian. no safety no works,,,,,,,,,,;
"412,""Kadang Pas Kita UKUR Gas nya udh batas AMAN Padhal Tidak kadang Alatnya ERROR.,,, Semestinya bantu BLOWER"",,,,,,,,,,";
413,2023 atau 2022,,,,,,,,,,;
414,untung ini bukan terjadi di INDONESIA,,,,,,,,,,;
415,Pdhl yah mau ikut tender project di oil gas company aja syaratnya bukan main harus punya sertifikan ina inu kok internalnya malah lolos ,,,,,,,,,,;
"416,""pertama 1 orang ngecek Teriak2 2 orang niat nolong, tapi ga bawa tali ataupun pake masker langsung masuk, eh ga nongol² mereka semua"",,,,,,,,,,";
417,Beda ya kualitas Chevron VS Pertamina,,,,,,,,,,;
"418,""bukan nya ada yg namanya work permit untuk di ruang tertutup ya, harusnya ada pengecekan dulu sebelum kerja. antara kelalaian dr petugas HSE"",,,,,,,,,,";
419,melanggar aturan k3 confined space permit work gasdectetor personal people standbyman pentilasi safetyman no have,,,,,,,,,,;
420,Allahummagh firlahu warhamhu wa'afihi wa'fu anhu... Turut berduka yg sedalam2 nya ,,,,,,,,,,;
421,Abang kandungku kerja disana yang jadi korban itu teman satu tim nya mohon doa semoga almarhum husnul khotimah,,,,,,,,,,;
422,safety first,,,,,,,,,,;
"423,""selamat jalan kawan,, semoga husnul khotimah"",,,,,,,,,,";
"424,""husul khotimah ,"",,,,,,,,,,";
425,dulu kok gak pernah dengar ya sebelum sialohkan ke phr,,,,,,,,,,;
"426,""nah, audit sistem keselamatan"",,,,,,,,,,";
427,kawan kerja aku itu yang baru meninggal ,,,,,,,,,,;
428,standart safety BUMN standard safety chevron,,,,,,,,,,;
429,tadi juga ada yang meninggal min,,,,,,,,,,;
430,pantes kemarin di brifing miting bahas itu,,,,,,,,,,;
"431,""Inalillahi wainnailaihi raji'un, semoga diterima amal ibadahnya"",,,,,,,,,,";
432,Miris tidak menjalankan SOP dengan benar ,,,,,,,,,,;
433,Biasanya tidak masalah tapi kali ini  Semoga keluarga yang ditinggalkan ikhlas dan tabah menghadapi musibah ini dan pihak pertamina mau bertanggung jawab dan memberikan santunan bagi keluarga yang ditinggalkan dstnya,,,,,,,,,,;
434,udahkah mereka mengikuti pelatihan kerja confined space ? Apakah mereka sudah menerapkan prosedur bekerja di confined space ? Apakah mereka memahami prosedur bekerja di confined space ,,,,,,,,,,;
435,Harusnya pake tabung oksigen sendiri agar racun limbah tidak terhirup.,,,,,,,,,,;
436,Limbah di setiap hulu migas/minyak variasi nya berbeda2.,,,,,,,,,,;
437,Harusnya teman2nya tidak ikut masuk menolong tp melaporkan ke pihak lain biar dilakukan penyelamatan sesuai SOP ibarat ada org kesetrum tdk bisa diselamatkan dg tangan kosong kalau nekat akan bernasib sama,,,,,,,,,,;
438,semoga Korban bisa mendapatkan tempat yg layak,,,,,,,,,,;
439,sekelas pertamina pekerjanya gk menerapkan SOP K3 ,,,,,,,,,,;
440,Perjuangan mencari rejeki demi anak dan keluarga,,,,,,,,,,;
441,Bahaya bgt ya harus nya di kaji ulang pembuatan tanggki itu  paling gk ada tempat penyaringan atau sejenis nya jika manusia masuk tu gk tenggelam... lagian limbah kan kenpa ngeceknya harus MASUK,,,,,,,,,,;
442,Mana nih confined space rules gk di pake...adeh,,,,,,,,,,;
443,Sudah takdir mungkin jln nyah seperti itu,,,,,,,,,,;
444,Masa pekerjaan PERTAMINA gak paham k3,,,,,,,,,,;
445,Miris liat oligarki,,,,,,,,,,;
446,Kan ada standar kerjanya,,,,,,,,,,;
447,Besok nya jadi villain musuh betmen,,,,,,,,,,;
"448,""Belum mati bro, tapi bermutasi menjadi monster limbah"",,,,,,,,,,";
449,Ini semua salah anis,,,,,,,,,,;
450,ngontol bener orang kejadian di riau yg di salahin anis,,,,,,,,,,;
451,Iseng aja luh..,,,,,,,,,,;
452,Bener... satria piningit,,,,,,,,,,;
453,Ini balikpapan ini bro bukan riau. Pintar sekali perusahaan menyimpan kebusukan nya demi menjaga nama,,,,,,,,,,;
454,knapa tdk ada sensor gas h2s??,,,,,,,,,,;
455,Sudah tau limbah beracun. Mestinya dibekali dg masker gas kalau bekerja di lingkungan sekitar limbah. Itupun tidak disarankan sampai masuk kedalam kontainer/ tank limbah.,,,,,,,,,,;
"456,""SOPnya tidak di lakukan, Kalau masuk ke ruangan / lubang gunakan tali, agar saat terjadi hal di luar dugaan bisa menarik/ditarik talinya, SOP kadang sepele yg di sepelekan"",,,,,,,,,,";
457,Kalau kerja itu yg bertanggung jawab temanya kerja di waktu itu. Orang kerja minimal 2 orang. Yang bertanggung jawab harus temanya.,,,,,,,,,,;
458,Bisa di tutup kalau sering banyak kejadian Kecelakaan kerja karena lalai APD,,,,,,,,,,;
459,Tolong keluarga dan anak2nya dinafkahi oleh pihak PHR hingga tamat sekolah.,,,,,,,,,,;
"460,""utamakan keselamatan, kalau gak cari kerja lain, semoga dilapangkan rejeki dan selalu baik2 saja bagi semua pejuang keluarga"",,,,,,,,,,";
"461,""K3 jauh rendah jika dibanding dgn PT Caltex dulu,dan penerimaan karyawan kalau bisa pakai tes IQ karena bidang kerjanya berbahaya dan selalu berubah minimal SMA IPA atau SMK dan dilakukan pelatihan mengikuti patuh dgn SOP."",,,,,,,,,,";
462,Kak video cctv bisa lihat dimana saya salah satu temen korban,,,,,,,,,,;
463,Setuju GPTW+Confined Space,,,,,,,,,,;
464,Masih family kah semua yang kerja di situ..,,,,,,,,,,;
465,Ketika Cevron berganti menjadi PHR kalau pandangan saya sungguh jauh penerapan K3.nya,,,,,,,,,,;
"466,""sejak Pertamina megang proyek sudah banyak karyawan meninggal di tempat kerja,baru baru ini ada tiga orang meninggal akibat keracunan sebanyak tiga orang,"",,,,,,,,,,";
467,Tempat kerja ayah aku tapi ayah aku yg membawa mobil ambulans jadi ayah aku yg membawa mayat mereka,,,,,,,,,,;
468,Alm. Ade adalah tetangga saya kasian anak nya baru 1 dan masih balita kecil... Hm... Semoga kluarga di kuatkan...,,,,,,,,,,;
469,Lagi??,,,,,,,,,,;
470,Banyak pekerja yang non skill dipekerjakan.. utamakan keselamatan dimanapun berada. Diluar sana banyak pekerja yang memiliki skill tapi tidak bisa bekerja karna tidak ada yang backup#orangdalam.,,,,,,,,,,;
471,Innalillahi wa inaalillahi roojii'uun..smga alm husnul khotimah..klrga yg di tinggalkan sabar dan ikhlas menghadapi cobaan ini..Aamiin Yaa Rabbal'alamiin..,,,,,,,,,,;
472,Innalillahiwainnailahiroji'un,,,,,,,,,,;
473,Innalillahi wainna ilaihi raji'un. Semoga alm. Husnul khatimah dan keluarga yg ditinggalkan tabah. Semoga kedepannya tidak ada lagi kejadian seperti ini. Semua pekerja dimanpun berada selalu dalam lindungan allah swt. Aamiin,,,,,,,,,,;
474,Progres progres progres....,,,,,,,,,,;
475,JADI KEINGAT HSE GOLDEN RULES ,,,,,,,,,,;
476,Innalillahi wainna ilaihi rojiun,,,,,,,,,,;
477,Innalilahi wa innailaihi rojiun,,,,,,,,,,;
478,jangan muncul slogan hati2 kerja di PHR dalam pengertian negatif,,,,,,,,,,;
479,Safety nomor sekian yg penting masuk sanak sanak tuuuu,,,,,,,,,,;
"480,""Turut Berduka Cita , Namun Sayang Nya Para korban tidak mengikuti SOP dari Pada pekerjaan Confined Space Dan Gas Beracun"",,,,,,,,,,";
481,Sewaktu chevron safety no. 1 dan pertamina keuntungan yg nomor satu,,,,,,,,,,;
482,Hukum perangkat perusahaan nya,,,,,,,,,,;
483,PT. PPLI tidak mengikuti Standard Safety. Yang harus menyediakan Blower atau Dan bekerja di dalam Tank atau Skoar Tank.,,,,,,,,,,;
484, iyeke? Betol lah Wak..,,,,,,,,,,;
485,Masak gx safety sih,,,,,,,,,,;
"486,"" tak perlu nyawa orang, yg penting untung besar"",,,,,,,,,,";
487,Tak nyambung cerita nya,,,,,,,,,,;
488,Trus? Ceritain dong suhu,,,,,,,,,,;
489,Oh iya? Coba Yg nyambung gimana bro?,,,,,,,,,,;
490, jadi gini bang,,,,,,,,,,;
"491,""Anehnya kalau kejadian di PT bercuan langsung diselidiki, kalau di PT yang tidak bercuan dibiarkan, bahkan gaji dan BPJS ketenagakerjaan tidak ada, gak ditindak lanjuti"",,,,,,,,,,";
492,Blok rokan lg,,,,,,,,,,;
"493,""Makan korban lagi, maren teman saya meninggal dunia di sana"",,,,,,,,,,";
"494,""1 korban yg paling parah kulit terbakar di bagian wajah dan bagian jari tangan, sekarang dirawat intensif di AB."",,,,,,,,,,";
"495,""Innalillahi, Zero Accident? Rata rata 1 nyawa per bulan"",,,,,,,,,,";
"496,""dlu sebelum phr yang kelola blok rokan sangat jarang terjadi insiden, dan klu terjadi itu sub kontraktor nya bisa kena sangsi berat dari chevron"",,,,,,,,,,";
"497,""Ya begitulah minn, namanya musibah. Turut berduka dan semoga keluarga yg ditinggalkan diberi keasabaran dan ketabahan. Amiinnn"",,,,,,,,,,";
498, Amin ka,,,,,,,,,,;
499,Innalilahi,,,,,,,,,,;
500,Buka loker langsung pasti nyq,,,,,,,,,,;
501,GK bakalan di usut itu ,,,,,,,,,,;
502,B,,,,,,,,,,;
"503,""Wkwk kaya arisan nunggu giliran, plat merah terbaik memang."",,,,,,,,,,";
504,Tumbal proyek,,,,,,,,,,;
"505,""Banyak kali insiden bahh , mana safety first nya"",,,,,,,,,,";
506,Ini bukti bahwa SDM kita belum siap untuk mengelola SDA.,,,,,,,,,,;
507,Perbedaan chevron dan pertamina tampak jelas. Maybe chevron lebih bisa nahan berita terjadi kecelakaan kerja. Apapun itu safety first lah,,,,,,,,,,;
508,Hadeuh ada apa ini ,,,,,,,,,,;
509,Yaahh,,,,,,,,,,;
"510,""viral di wa, ternyata di ig juga, alhamdulillah bapak itu udh melakukan operasi"",,,,,,,,,,";
511,Oooo jd insiden ini yg di meeting kan bpk kmrn yaa,,,,,,,,,,;
"512,""SDM tdk profesional,abal2"",,,,,,,,,,";
513,Main masuk²an vendor aja,,,,,,,,,,;
514,Cak cek cak cek aja kerja kau,,,,,,,,,,;
"515,""Octa yg kasi aba2, ndak bisa tidur lah dia itu"",,,,,,,,,,";
516,Innalillahi ,,,,,,,,,,;
"517,""Semoga para pencari nafkah selalu dilindungi Allah SWT, Aamiin"",,,,,,,,,,";
518,safety number one ,,,,,,,,,,;
519,Innalillahiwainalillahirajiun,,,,,,,,,,;
520,Innalillahiwainailaihirojiun,,,,,,,,,,;
521,Innailaihi wa Inna ilaihi Raji'un,,,,,,,,,,;
"522,""Innalilahi wainna illaihi roji'un, tetap utamakan safety dalam bekerja rekan2"",,,,,,,,,,";
523,Innalilahi wainailaihi rojiun,,,,,,,,,,;
524,Innalillahiwainnailaihirojiun ,,,,,,,,,,;
525,aku kira kau cok,,,,,,,,,,;
526,Hati-hati dalam bekerja dan jangan lupa berdoa ,,,,,,,,,,;
"527,""Ini pas kejadian dekat RIG kami ini Min, Al-fatihah untuk ke 3 Almarhum"",,,,,,,,,,";
528,Sampai saat ini perusahaan masih aktif ,,,,,,,,,,;
"529,""Makanya harus ditenderkan pekerjaan itu di CIVD, agar bs dilakukan PQF, kalau main direct ke holdimg ya jadi begini lah"",,,,,,,,,,";
530,Apa betul mereka tidak di.beri pengetahuan tentang keselamatan kerja atau memang tidak ada diberi?.apa adanya meeting tentang keselamatan kerja.atau hanya omongan saja tentang keselamatan kerja.mohon dicek kembali.,,,,,,,,,,;
531,Sy yakin itu racun H2S,,,,,,,,,,;
532,H2S itu Apa mereka tidak membawa protector  Atau protector yg di bawak sdh tdk berfungsi,,,,,,,,,,;
533, take care ya kak sama abang juga bilang hati hati dalam bekerja,,,,,,,,,,;
"534,""Klo lokal yg megang gini ni jadinya amburadul,gak ada safety yg penting kerja walaupun tak berguna dan nyawa tak berharga."",,,,,,,,,,";
"535,""Rekanny trrllu tinggi rasa peduli smpe gk smpt pke safety,smpe lpa kslmtn sendiri"",,,,,,,,,,";
"536,""Intinya, setiap mau melakukan pekerjaan apapun ada SOP yg harus di patuhi. Selama Cevron hal keselamatan menjadi hal yg sangat di utamakan, tidak ada boleh lalai";" ada semboyan kerjakan dengan selamat atau tidak sama sekali"",,,,,,,,,,"
537,Mw koment nnt ada yg tersinggung..alfatihah buat mereka yg ditimpa musibah ...,,,,,,,,,,;
538,gk perlu SOP lagi karna yg di pekerjaankan yg penting ada yg kerja.. karna kl org yg ngerti migas gaji beda kl asal kan bisa harian... makan bontot 120 rb ,,,,,,,,,,;
539,Berita nya yang 3 hari lalu dari rik apd yang kurang lengkap bisa di bilang S O P,,,,,,,,,,;
"540,""Duit yg berbicara,karna hukum di indonesia sama sama tau aja"",,,,,,,,,,";
541,Innalillahi wainnailaihi rojiun,,,,,,,,,,;
"542,""Siap"""" Safety Officernya di BAP dluan"",,,,,,,,,,";
543,Kenak gas beracun nya yg 2 orng mau nolong malah kehirup juga,,,,,,,,,,;
"544,""pas lagi jam istirahat siang,gk ada arahan? sefty untuk perusahaannya ya"",,,,,,,,,,";
545,Ada kok cctv nya,,,,,,,,,,;
546,Kok cepat tersebar,,,,,,,,,,;
547,Mau beralasan gak ad perintah  Uda mati baru kau bilang gak ad perintah makan rumput aja kau heang,,,,,,,,,,;
548,KEMBALIKAN LAGI K3 ALA CHEVRON,,,,,,,,,,;
549,Bos nya kok kyk buang badan gitu setidaknya kasilah statmen yg baik,,,,,,,,,,;
550,beuh,,,,,,,,,,;
551,Salah satu korban nya adalah kakak sepupu saya...Selamat jalan da Hen...semoga Husnul Khatimah,,,,,,,,,,;
"552,""logika aja, siapa yg mau kerja di jam istrhat? apalagi perusahaan, yang waktunya makan siang malah kerja, siapa yg mau kerja nahan lapar, sementara jam kerja sudah diatur"",,,,,,,,,,";
553,Managernya ngeluarkan statement hati hati ngerti gak anda dg operasi spesifik fasilatas CMTF kok dibilang kejadian di jam istirahat non related work  dan tidak ada arahan utk bekerja disana.,,,,,,,,,,;
554,USUT TUNTAS,,,,,,,,,,;
555,Hati2 kerja kau bro ,,,,,,,,,,;
556,siap brother,,,,,,,,,,;
557,kamu kan,,,,,,,,,,;
558,di siak tu dek,,,,,,,,,,;
559,Kok bisa mereka jdi tersangka ,,,,,,,,,,;
560,sepi,,,,,,,,,,;
561,Di jadikan Tumbal proyek,,,,,,,,,,;
562, ketawa bang,,,,,,,,,,;
563,Duh kok mirip nama saya ,,,,,,,,,,;
564,????????????² ?????????????????????????? ?????????? ????,,,,,,,,,,;
565,Lagi lagi ,,,,,,,,,,;
566,Semenjak Chevron tidak ada lagi...semakin sering terjadi kecelakaan kerja di perusahaan yg sekarang....mungkin divisi keamanan kerja nya tidak ada ...lebih banyak pejabat nya duduk di kedai kopi..,,,,,,,,,,;
"567,""Bagi yg tidak tau jgam sok tau, doakan saja korban nya di trima di sisis tuhan"",,,,,,,,,,";
568,Orang k3 nya mana,,,,,,,,,,;
569,palingan orang mau istirahat dikasih kerjaan tambahan.,,,,,,,,,,;
570,aneh,,,,,,,,,,;
571,Copot,,,,,,,,,,;
572,Siap2 atasan pada out ke penjara.,,,,,,,,,,;
573,Lagi dan lagi ,,,,,,,,,,;
574,Confined space entry procedure dan gas purging kah masalahnya,,,,,,,,,,;
575, takut kamu jadinya ,,,,,,,,,,;
576,Semenjak diganti ada ada aja kejadian ,,,,,,,,,,;
577,Sedang menginvestigasi ketiga korban yang meninggal,,,,,,,,,,;
578, Jadi didiamkan saja,,,,,,,,,,;
579,Manaj3men yang buruk,,,,,,,,,,;
580,Ada yg janggal,,,,,,,,,,;
"581,""Di foto nya ada jam nya 15:54 udah sore itu buk bukan jam istirahat siang,hmm"",,,,,,,,,,";
582, bekerja tanpa jadwal.. gak masuk akal alasann nya ,,,,,,,,,,;
583,Waduh,,,,,,,,,,;
"584,""Wih fast respon juga beritanya. Ohh iya udah PHR Bukan CPI lagi, maklumlah kita Putra daerah nggak berkesempatan berkarir di perusahaannya jadi lupa deh. Turut berdukacita buat keluarga korban yg ditinggalkan"",,,,,,,,,,";
"585,"" mari sama2 kita Sapa orang No.1 di Riau ini, """" Pak syamsuar mohon ketegasan ny untuk bisa merekrut Anak daerah bisa bekerja diperusahan PHR... Tolong Pak... """"admin olong sampaikan ke Pak Gubernur ya."",,,,,,,,,,";
586,mudah2an permohonan kita tersampaikan pak,,,,,,,,,,;
587,Innailaihi wainnailaihi rojiunn,,,,,,,,,,;
588,Hati2 y yg lain krja.selamat plg pergi,,,,,,,,,,;
589,Duuhhhh ngeri,,,,,,,,,,;
590,Kelalaian dalam bekerja.. Keep safety on work rekan2,,,,,,,,,,;
591, lu aman kan man,,,,,,,,,,;
592,Progres nomor 1 safety nomor 2 (PHR),,,,,,,,,,;
593,phr.pertamina,,,,,,,,,,;
594,Allahu akbar.. Semoga allah memberikan ketabahan bagi keluarga yg d tinggalkan.. Dan d terima amal ibadah alm.. Amin,,,,,,,,,,;
595,Memang ini takdir... Tapi sebaiknya kru RIG memang harus dibekali safety berlapis,,,,,,,,,,;
596,udah berlapis itu ada HSE Specialist dari oil company dan HSE officer dari RIG nya,,,,,,,,,,;
597,umur masih muda sudah bisa kerja di rig... Tapi takdir berkata lain ya bg... Semoga almarhum diberikan tempat yg baik disisi nya..,,,,,,,,,,;
"598,"" kalo berbicara tentang takdir dan juga HSE memang tidak sejalan lurus bg, tapi apapun itu semoga keluarga yang di tinggalkan tabah"",,,,,,,,,,";
599,aamiin Tidak untuk berdebat insyaAllah..,,,,,,,,,,;
600,Pak asril nangis di pojokan atas insident ini,,,,,,,,,,;
601,Mentang2 lg investigasi itu tolong temen2 dr Sat Reskrim Polres Siak juga memakai PPE dong. Kan masih di area Rig site. Tetep ikuti aturan keselamatan.. ,,,,,,,,,,;
602,Drop object,,,,,,,,,,;
"603,""Masker gass di pakek, sebelum pake masker gas, pake dulu masker N95ny"",,,,,,,,,,";
"604,""Innalillahi wainnailaihi rojiun, insyallah husnul khotimah aamiin "",,,,,,,,,,";
605,Pentingnya memakai SCBA,,,,,,,,,,;
606,atau alat bantu pernapasan kalo masuk di man hould,,,,,,,,,,;
"607,""Secara prosedur seharus nya sebelum akan melakukan pekerjaa confined space wajib di lakukan gas test,dan harus ada standbye person dan memasang blower utk hisap dan tekan,"",,,,,,,,,,";
"608,""Sehingga kejadian2 tak terduga seperti ini bisa dihindari. Dan juga bagi HSE sangat penting agar tdk tersandung kasus hukum, karna HSE lah yg bertanggung jawab klo sudah ada kecelakaan kerja seperti ini. Makanya penting sekali permitted work ini bagi HSE officer."",,,,,,,,,,";
"609,""Keracunan gas oksigen beracun, saya juga perna tapi alhamdillah selamat, kalau keracunan itu kepalah pusing dan bada semua jadi lemas dan lumpu"",,,,,,,,,,";
610,Semoga Allah Mudahkan jalannya ke SURGA.. Aamiin,,,,,,,,,,;
611,Inna lillahi wa inna ilaihi rojiun,,,,,,,,,,;
612,Innalilahi wa innailaihi rojiun,,,,,,,,,,;
613,Pentingnya gas free survey. Nyawa tidak bisa dijadiin bahan bercandaan di lingkungan kerja yang beresiko tinggi.,,,,,,,,,,;
614,Intinya kalau liat teman atau anggota pingsan didalam tangki jangan pernah coba turun untuk menolong.. panggil bantuan adalah cara yg tepat..,,,,,,,,,,;
615,Kena gas beracun,,,,,,,,,,;
616, kalo tangki pasti beracun,,,,,,,,,,;
"617,""H2S always becareful, jangan sepelekan prosedur confined space entering"",,,,,,,,,,";
"618,""Baguslah, biar Perusahaan ada efek jera juga. Kontrak2 selanjutnya juga perlu di evaluasi"",,,,,,,,,,";
619,Ahmad Ihsan ya..,,,,,,,,,,;
620,Susahnya dimana...,,,,,,,,,,;
621, siapa yg tanda tangan PTW nya.ijin. Kerja ruang terbatas dikeluarin oleh siapa.benar ngak mereka check kelapangan sebelum tanda tangan,,,,,,,,,,;
622, Saya perbaiki : Sudah Ralat,,,,,,,,,,;
623,PHR harus dapat bercermin pada perusahaan minyak sebelumnya (Chevron) yang mengutamakan safety untuk para pekerjanya yg menekan angka kecelakaan kerja seminimal mungkin,,,,,,,,,,;
624,Bukan susah tapi sudah,,,,,,,,,,;
625, saya perbaiki Sudah Ralat,,,,,,,,,,;
"626,""Evaluasi juga cara perekrutan karyawan nya... Si anu menjabat, karyawan nya anak anu, adek anu, sepupu anu, ponakan anu, cucu anu"",,,,,,,,,,";
"627,""sebaiknya jika thanky limbah itu permanen sebaiknya di kasih gas deteksi dan langsung di sambung pakai Alarm sebagai deteksi dini, harus ada Windsock untuk menandakan arah angin, di atas thanki juga sebaiknya di beri Blower..."",,,,,,,,,,";
628,Yaa mas..ada bohongnya yg kurang menerimanya..biarpun saya tidak pernah berkecimpung tentang limbah tentu tau tentang limbah...apalagi safety saat itu tentu diutamakan...seharusnya mereka lebih mengrti apa yg harus dilakukan.,,,,,,,,,,;
629, Benar mas windsockk sering sipasang tank limbah diRig lagi opersi..sudah jadi kewajipan..kalau tidak pasang kanak tegur..malahan ada sangsinya..rusak atau rusak dicari gantinya dipasang lagi.,,,,,,,,,,;
630,Salah satunya itu juga,,,,,,,,,,;
631,Team leader atau yang approve ptw harus ikut jadi tersangka..jangan selalu subcontnya yang di kambing hitamkan,,,,,,,,,,;
632,Benar jgn hanya duduk meja saja..udah tu menerima laporan saja,,,,,,,,,,;
633,Ìnilah akibatnya...saya dengar jauh bedanya Safety dizaman Caltex atau Chevron..jaman PHR produksi yg penting..yg lain2nyapun tidak diperhatikan..Pencitraan yg besarnya.,,,,,,,,,,;
"634,""PT nya pula yang kena ,yang menyetujui atau penanggungjawab di area lah"",,,,,,,,,,";
635,Tetapi dilihat juga...apakah didalam Contrak peralatan Safety harus disiadiakan ppli..maklum saja contrak banyak yg kecil tidak dicantumkan..atau ada dicontrak tapi disediakan.,,,,,,,,,,;
636,Yg jelas human error bukan PT nya ,,,,,,,,,,;
637,Benar sekali bukan Perusahaannya akibat human error terjadi hal seperti itu,,,,,,,,,,;
"638,""Kalau Chevron keselamatan nomor 1.. kerja nomor 2.Kalau yg ono, kerja nomor 1, keselamatan ntah nomor brapa…"",,,,,,,,,,";
639,Ini lah yg safety nya maka nya nyawah manusia mati sia sia dulu Caltex safety nya di nomor 1 kan,,,,,,,,,,;
"640,""Waduuuhh..hbt juga yg di krc berarti ya bg raja , nggak pernah bocor fatality nya..haa"",,,,,,,,,,";
641, jarang Pak he he,,,,,,,,,,;
642,Pertanyaannya  pernahkah ini terjadi semasa Chevron beroperasi,,,,,,,,,,;
643,tdk pernah...biasa lah . Kalau sdh campur tangan pemerintah pasti meleset..,,,,,,,,,,;
"644,""Apapun yg terjadi perusahaan tetap bertangggung jawab penuh, dan semua karyawan nyaman. Itulah Investor Amerika dan Eropa. Beda kelas dengan yang di Morowali yanv investornya Tuan Agungnya si BOSS..."",,,,,,,,,,";
645,Kalau Investornya Taiwan gmna om ,,,,,,,,,,;
646,Selama ini kita juga jarang dengar permasaalahanya ala Taiwan.,,,,,,,,,,;
647,Pak ini tdk Amerika/Eropah.. tapi murni Nasional yaitu Pertamina Hulu Rokan,,,,,,,,,,;
648,semoga lebih tanggung jawab bangsanya sendiri.,,,,,,,,,,;
649,oligarki punya,,,,,,,,,,;
650,Baru aja di bilang hebat sm jokowi..caltex juga yg betul...,,,,,,,,,,;
"651,""Salah rikrut pengalamannya blm ada, tapi dekingannya ada , makanya bisa kerja."",,,,,,,,,,";
"652,""pas sekali Pak,bahasa Vietnam nya SIA DIATEH"",,,,,,,,,,";
653,kalau quality di nomor duakan akan kehancuran jadi nya.,,,,,,,,,,;
654,Perlu lebih cermat ttg Line of fire..signal man (cukup satu).. jangan tergesa gesa,,,,,,,,,,;
655,Ini akibat tidak maksimalnya identifikasi bahaya lokasi kerja......,,,,,,,,,,;
656, dan jangan ditargetkan penemuan2..yg real2 saja..bukan dibuat2,,,,,,,,,,;
657, bagaimana kalau keluarga melaporkan kasusnya ke POLISI yaaa..,,,,,,,,,,;
658,Utamakan keselamatan kerja dengan cara memberi peringatan dan tunjuk ajar 5 menit sebelum memulai suatu pekerjaan .,,,,,,,,,,;
"659,""Bukan perusahaan kontraktornya saja yg harus bertanggung jawab,PHR juga harus bertanggung jawab"",,,,,,,,,,";
660,Innalillahi wa innailaihi rooji'uun,,,,,,,,,,;
661,Apakah di masa CPI pernah kejadian serupa?,,,,,,,,,,;
662,seingat saya sejak di pegang chevron untuk Rig fatality bisa di bilang tidak ada tp ketika caltex dulu memang ada tp itu semua datanya saya juga gak tahu kapan kejadian nya,,,,,,,,,,;
"663,""saat CPI kalo fatality begini, RIG yang ngalami kecelakaan apalagi fatality, semua RIG dari PT tsb, di shut down semua."",,,,,,,,,,";
664,g tahu juga pak.....,,,,,,,,,,;
665,Info terakhir EVP nya Feri Sri Wibowo dibebastugaskan sejak tgl 24 Feb 2023,,,,,,,,,,;
"666,""""""Innalillahi wa innailaihi rojiun..."",,,,,,,,,,";
667,Pecat&penjarakan aja wsm nya. Dia yg bertanggung jawab disana.,,,,,,,,,,;
"668,""Sugianto Karim bagus komen nya senior, tp yg paling penting tetap pengawas lapangan di bantu HES FIELD untuk tetap ikut mensosialisasikan tentang JSA, SOP agar terhindar dari bahaya, itu gunanya pengawasan yg ketat dan Focus"",,,,,,,,,,";
669,kita blm tau hasil pemeriksaan dari kejadian ini sehingga tentu saja blm bisa menyalahkan si korban tentu harus di selidiki dulu apakah akibat human error atau karena equipment failure,,,,,,,,,,;
670,sepertinya SAFETY Menjadi Nomor berapa Ya.... sangat BerBeda... oh iya.. Apa Metode ketika pada perusahaan yg Lama ya.....,,,,,,,,,,;
"671,""Jadikan kejadian ini untuk peningkatan keselamatan kerja di masa yg kan datang,ingatbbekerja di permiyakan nyawa taruhan ny semua benda keras yg di hadapi setiap hari."",,,,,,,,,,";
672,Baru awal,,,,,,,,,,;
673,Ini team Analisa kejadian nya masuk welpad kog nggak pake APD.. Ya?,,,,,,,,,,;
674, kalau bos tak perlu APD yg perlu buat bawah an aja,,,,,,,,,,;
675, Begitu ya...,,,,,,,,,,;
676,ndak juga ngerti selama ini,,,,,,,,,,;
677,Kalau sudah eksiden baru sibuk... Kalau kerja berdasarkan sop kecelakaan bisa dihindari...,,,,,,,,,,;
"678,""Awal tahun PT ACS dan PHR ex CPI, fatality record"",,,,,,,,,,";
679,ada korban Jiwa ,,,,,,,,,,;
680,Roy Royen Hutapea floorman berusia 22 thn,,,,,,,,,,;
681,Kapan pak?,,,,,,,,,,;
682,Luvky Abu Habibie td pagi,,,,,,,,,,;
683,Mohammad Dayu Annaufal fosv nya di angkat pake lifting cap atau diikat sling ya mas?,,,,,,,,,,;
"684,""Luvky Abu Habibie ikut berduka, semoga keluarga korban diberi kekuatan iman dan kesabaran dalam menghadapi musibah ini. Moga husnul khotimah"",,,,,,,,,,";
685,Fatal accident?,,,,,,,,,,;
"686,""Innalillahi Wainnailaihi Roji'un, semoga semua amal ibadah beliau almarhum diterima di sisi Allah SWT, dan keluarga yang ditinggal diberi ketabahan, dan kesabaran, Aamiin ya rabbal Aalamiin "",,,,,,,,,,";
687,Meninggal floorman nya pak,,,,,,,,,,;
688,Apa kronologisnya pak??,,,,,,,,,,;
689,Innalilahi wainailaihi rojiun smga Husnul khatimah aamiin yra,,,,,,,,,,;
690,Innalillahi wa innailaihi rooji'uun,,,,,,,,,,;
691,Turut ber duka cita crew ACS di minas .,,,,,,,,,,;
692,RIP,,,,,,,,,,;
693,Innalillahi wainnailahi rojiun,,,,,,,,,,;
694,Innalillahi wainnaillaihi rajiun...,,,,,,,,,,;
695,Ikut ber duka crew ACS di Minas .Keselamatan hrs di tingkat kan lagi..,,,,,,,,,,;
"696,""Rip Smoga tidak terjadi Kembali, Safety no 1.."",,,,,,,,,,";
697,Innalilahi wainnailaihi roji'un,,,,,,,,,,;
698,RIP,,,,,,,,,,;
699,RIP,,,,,,,,,,;
"700,""Turut ber duka cita dan prihatin atas kejadian fatality Accident yg menimpa crew rig Service ACS 06 di minas . Innalillahi wa'innalillahibroji'un, semoga tidak ter ulang lagi. KEEP SAFE."",,,,,,,,,,";
701, bagaimana kronologis kejadiannya pak?,,,,,,,,,,;
702,Innalillahi wainnalillahi roji'un Semoga Almarhum husnul khotimah Aamiin.,,,,,,,,,,;
703,Innalillahi wainnalillahi roji'un Semoga Almarhum husnul khotimah Aamiin.,,,,,,,,,,;
704,Innalillahi wainnaillaihi rojiun..,,,,,,,,,,;
705,Bismillah Smga yg jd korban di beri ketabahan ,,,,,,,,,,;
706,Turut berdukacita.,,,,,,,,,,;
707,Innalilahi waiinna ilahi rojiun insyaallah husnul khotimah kelg ditinggal kan diberi kesabaran,,,,,,,,,,;
708,Rip,,,,,,,,,,;
709,Innalillahi wainnailaihi rojiun,,,,,,,,,,;
710,baca dari atas ada tu,,,,,,,,,,;
711,Innalillahi wa inna ilahi rojiun semoga almarhum.di ampuni dosa dan dterima amal ibadahnya oleh Allah SWT,,,,,,,,,,;
"712,""Bukanlah Air Hoist sdh dilarang penggunaanya, dan sekarang menggunakan hidrolik Hoist, kerna air Hoist terlalu beresiko saat kebocoran... Kalau ga salah sih"",,,,,,,,,,";
"713,""Gak tahulah kita karena saya sudah 8 thn meninggalkan dunia pengeboran , dulu zamannya saya bekerja masih boleh memakai alat tersebut lebih kurang 35 thn saya bekerja"",,,,,,,,,,";
"714,"" oh ya sudah lama itu memakai hydrolic winch , dan yg gak boleh pakai pembrat di ujungnya , tapi inikan yg jatuh FOSV ( full opening safety valve ) atau istilah orang dulu Poorboy ."",,,,,,,,,,";
"715,""Ya.. Biasa juga di gunakan itu dulu di drilling, tapi biasanya kita koneksi dengan sackle yg baik, terus kita pasang tapi sebagai safety nya, lalu satu orang jadi watch man untuk melihat ke atas. Ga kebayang poorboy jatuh dari ketinggian"",,,,,,,,,,";
716,Al Fatihah,,,,,,,,,,;
717,Alfatiha.,,,,,,,,,,;
"718,""Innalillahi Wainnailaihi Roji'un, semoga semua amal ibadah beliau almarhum diterima di sisi Allah SWT, dan keluarga yang ditinggal diberi ketabahan, dan kesabaran, Aamiin ya rabbal Aalamiin..."",,,,,,,,,,";
719,RIP. Turut berduka cita.,,,,,,,,,,;
720,RIP,,,,,,,,,,;
721,Turut berduka. Semoga jadi pelajaran yg berharga.,,,,,,,,,,;
722,Turut berduka ats kejadian ini mufah2an k depan g terulang lagi..,,,,,,,,,,;
723,Kejadian ini pernah trjadi thn 1985...poorboy semacam FOSV di Hoist...IP meninggal dunia WSR( welserviice &Remedial Duri Field) floor man juga..,,,,,,,,,,;
724,Innalillahi wa inna ilahi rojiun semoga almarhum.di ampuni dosa dan dterima amal ibadahnya oleh Allah SWT,,,,,,,,,,;
"725,""Turut berduka cita, laporannya adakah standown? Pembelajaran yg pahit sekali"",,,,,,,,,,";
726,Inna Lillahi wa inna ilaihi rojiun.,,,,,,,,,,;
727,Semakin hari incident semakin parah aja.. g kayak dulu lagi...,,,,,,,,,,;
728,Robby Leonardo beda kelas om...,,,,,,,,,,;
"729,""Turut berdukacita,,"",,,,,,,,,,";
"730,""Jauh beda sekarang dengan dulu.Saya akui, Chevron Juaranya Hard skills, korporasi kelas dunia yang mengutamakan keselamatan dan keunggulan. Memanusiakan manusia dan sangat memperhatikan keselamatan pekerjanya."",,,,,,,,,,";
731,Turut ber duka cita dan prihatin atas kejadian fatality Accident yg menimpa crew Rig Service ACS 06 di Minas.,,,,,,,,,,;
732,Masih mudo urgnyo om Sanggap..,,,,,,,,,,;
"733,""ya mas, sulit saya membayangkan hancur nya hati orang tuanya"",,,,,,,,,,";
734,apa masalahnya ,,,,,,,,,,;
735, Turut berduka cita ,,,,,,,,,,;
"736,""Untuk teman2 yg posting incident report nya, sebaiknya segera di delete krn ini termasuk data company confidential. Dari pada jadi masalah nantinya."",,,,,,,,,,";
737,kenapa Pak,,,,,,,,,,;
738,Turut berdukacita,,,,,,,,,,;
"739,""Turut berduka, semoga keluarga diberi kesabaran dan ketabahan"",,,,,,,,,,";
740,Innalilahi wa innailaihi roji'un ,,,,,,,,,,;
741,innalillahi wainnailaihi roji'un,,,,,,,,,,;
742,Turut berdukacita,,,,,,,,,,;
743,Innalillahi wainnailaihirrajiun .Smg husnul khatimah aamiin .,,,,,,,,,,;
"744,""Turut berdukacita atas terjadinya fatality accident di monas, semoga khusnul khotimah Aamiin"",,,,,,,,,,";
745,RIP,,,,,,,,,,;
746, PHR sekarang masalah safety tidak ada yg berubah tetap sama,,,,,,,,,,;
747,saya pernah terjun mengatasi blow out d bormindo.. Berhasil.. Seluruh badan hitam mandi minyak mentah.. tak d beri hadiah Tapi dapat kepuasan bathin Bangganya tak terkira Rasa menang perang lawan penjajah.,,,,,,,,,,;
748, tegaa nya tu,,,,,,,,,,;
749, dapat voucher sama Thank's award saja,,,,,,,,,,;
750, mungkin mereka lelah,,,,,,,,,,;
751, nasi bungkus kota buana dan sekaleng sprite cukup sudah..,,,,,,,,,,;
752,voucher AXIS 3gb,,,,,,,,,,;
"753,"" base on kewajiban, persyaratan or Implementasi... Mengingat org HES dulu org lapangan yg tau kerja, tapi HES sekarang sepertinya sarjana S1 semua ya"",,,,,,,,,,";
754,Turut Berduka Cita,,,,,,,,,,;
755,Turut prihatin dan berduka atas kejadian ini,,,,,,,,,,;
756,Innalillahi wainna illaihi rojiun semoga Alm.husnul khotimah..klg yg ditinggalkan di berikan keikhalan dan ketabahan Aamiin Yaa Robbal Aalamiin.,,,,,,,,,,;
757,Inna Lillahi wainna ilaihi Rojiuun semoga di tempatkan ditempat yg sebaik baiknya di sisi Allah.Al Fatheha.,,,,,,,,,,;
758,Innallilahiwainalilahi rojiun,,,,,,,,,,;
759,Innalillahi wa inna ilahi rojiun semoga almarhum.di ampuni dosa dan dterima amal ibadahnya oleh Allah SWT. Aamiin YRA ,,,,,,,,,,;
760,Innalillahi waina illaihi rojiun.,,,,,,,,,,;
761,Innalillahi wa inna ilahi rojiun semoga almarhum.di ampuni dosa dan dterima amal ibadahnya oleh Allah SWT,,,,,,,,,,;
762,RIP.,,,,,,,,,,;
763,Innailaihi wainnailaihi roojiuun.. inshaallah almarhum Husnul khotimah ,,,,,,,,,,;
764,Innalilahi wa innailaihi roji'un semoga tdk terjdi lgi dan tentunya pelajaran dan peringatan buat kia semua agar selalu menerapkan dan mengikuti aturan tentang keselamatan kerja,,,,,,,,,,;
765,apakah pegawai caltex,,,,,,,,,,;
766,mitra kerja,,,,,,,,,,;
767,Innalillahi wainnailaihi rojiun. Semoga alm mendapat tempat yg mulia disisi Allah SWT,,,,,,,,,,;
768,RIP Smoga tdk ada kelalaian spt ini lagi,,,,,,,,,,;
"769,""Innalilahiwainnalilahirijiun,, turut berduka cita,,"",,,,,,,,,,";
"770,""Ingat kejadian di Bangko di thn 1980, fatality accident di Rig juga."",,,,,,,,,,";
771,Yg baut jatuh nimpa safety hat kaleng tu,,,,,,,,,,;
772,Waktu sepertinya kita belum mengenal SOP dan safety standard ya Pak Haji?,,,,,,,,,,;
"773,""Betul, saya ingat pegawai CPI adalah Fire Safety Dept."",,,,,,,,,,";
774, maksud nya,,,,,,,,,,;
775,Turut berdukacita...,,,,,,,,,,;
776,Turut berduka ,,,,,,,,,,;
"777,""Turut berdukacita, semoga keluarga tabah menghadapi nya"",,,,,,,,,,";
"778,""Awal tahun fatality record PT ACS dan PHR Rokan.Innalilahiwainnalilahirijiun,, turut berduka cita,,"",,,,,,,,,,";
779,Caltex chevron perusahaan yg memanusiakan manusia,,,,,,,,,,;
780, jadi PHR bagaimana tu,,,,,,,,,,;
781,sama bagus nya koq .. tp ojo dibanding2ke,,,,,,,,,,;
"782,""hahahaha gak tau gel, soal nyo smenjak phr masuk ke riau aku blum pernah gabung"",,,,,,,,,,";
783,ia pak masih sama persentasi dan hanya sedikit yg diubah dalam hal keselamatan nya cuma kesalahan human error nya mungkin pak,,,,,,,,,,;
"784,""PHR butuh banyak belajar 5 th sampai 7th kedepan dengan berbagai fatality, biasa lah belajar dari kesalahan "",,,,,,,,,,";
785,RIP,,,,,,,,,,;
786,Semoga Almarhum husnul-khatimah,,,,,,,,,,;
787,RIP Turut berduka yang sedalam2nya ,,,,,,,,,,;
788,RIP,,,,,,,,,,;
789,Yg kejadian kena blocknya dulu di th 2022 juga fatal ya,,,,,,,,,,;
790,Inna Lillaahi wainna ilaihi raajiun Semoga almarhum diampuni dosanya dan diridhai amal ibadahnya. Semoga keluarga yg ditinggal diberi kekuatan dan saar dlm menghadapi hal yg memprihatibkan ini.,,,,,,,,,,;
791,Saar sabar,,,,,,,,,,;
792,Innalillahi wainna ilaihiroji'un...Semoga husnul khatimah dan system bisa lebih diperbaiki lagi supaya lebih safe..... Aamiin,,,,,,,,,,;
793,Turut ber duka cita dan prihatin atas kejadian fatality Accident yg menimpa crew Rig Service ACS # 06 di Minas Semoga tidak ada/terulang lagi kejadian itu..,,,,,,,,,,;
794,Semoga secepatnya bisa di atasi insiden ini.,,,,,,,,,,;
795,Pokoknya semoga cepat dapat penanganan,,,,,,,,,,;
"796,""Turut berduka atas terjadinya insiden ini, semoga menjadi pembelajaran kedepannya"",,,,,,,,,,";
"797,""Ternyata korban adalah karyawan rekanan pertamina, namun tetap turut berbelasungkawa semoga keluarga tabah"",,,,,,,,,,";
798,PT PPLI tapi gercep lakukan investigasi,,,,,,,,,,;
799,Turut berbelasungkawa semoga keluarga yang ditinggalkan diberi ketabahan,,,,,,,,,,;
800,Bisa kita simak informasinya ya gais,,,,,,,,,,;
801,Korban insiden kecelakaan di blok Rokan bukan karyawan Pertamina akan tetapi karyawan rekanan Pertamina,,,,,,,,,,;
802,Semoga ya dengan kejadian ini para pekerja lebih berhati-hati,,,,,,,,,,;
803,Innalillahi turut berbelasungkawa atas meninggalnya para korban insiden kecelakaan di blok rokan,,,,,,,,,,;
804,Terimakasih banyak atas informasinya,,,,,,,,,,;
805,smoga ga terulang lagi kejadian seperti ini smoha yg di tinggal kan diberikan ketabahan,,,,,,,,,,;
806,Wah ini harus dishare ini informasinya,,,,,,,,,,;
"807,""Ini gais korban insiden kecelakaan di blok Rokan, Pertamina ungkap jika korban bukan karyawan Pertamina Rokan tapi karyawan Rekanan Pertamina."",,,,,,,,,,";
808,Ternyata bukan karyawan pertamina rokan yang menjadi korban kecelakaan ya,,,,,,,,,,;
809,smoga ga terulang lagi kejadian seperti ini,,,,,,,,,,;
"810,""Turut berdukacita atas insiden di blok Rokan, semoga tidak aja kedepannya tidak ada lagi kecelakaan kecelakaan seperti ini."",,,,,,,,,,";
811,meskipun begitu tetapi pertamina tetap gercep melakukan langkah investigasi atas kecelakaan tersebut,,,,,,,,,,;
"812,""turut prihatin dengan adanya insiden ini, semoga keluarga korban diberikan kesabaran ya"",,,,,,,,,,";
813,semoga korban bisa diterima di sisi Tuhan yang maha esa ya,,,,,,,,,,;
814,Kecelakaan yg mengakibatkan korban jiwa semoga kecelakaan ini tdk terjadi lagi,,,,,,,,,,;
"815,""Wah semoga semua lekas membaik dan pulih kembali, dan investigasi yang dilakukan oleh PT. PPLI bisa membuahkan hasil"",,,,,,,,,,";
816,harusnya tidak ada jadwal kegiatan untuk berada dalam area kejadian,,,,,,,,,,;
817,Semoga dengan kejadian seperti ini akan lebih hati-hati lagi para karyawan,,,,,,,,,,;
818,PT PPLI yg langsung bergerak lakukan investigasi salut banget deh,,,,,,,,,,;
819,Semoga kejadian kejadian yg seperti ini tidak pernah terulang kembali,,,,,,,,,,;
820,Semoga dari kasus ini bisa lebih aware lagi Turut berduka cita,,,,,,,,,,;
821,Ternyata insiden di blok Rokan terjadi saat jam istirahat PT ppli pun begitu bergerak cepat melakukan investigasi,,,,,,,,,,;
822,Dan untungnya PT ppli bergerak cepat melakukan investigasi ya smoga tak terulang lagi,,,,,,,,,,;
823,Pastinya langsung gercep di lakukan investigasi,,,,,,,,,,;
824,Semoga ini jadi pembelajaran agar tidak terjadi kejadian serupa kedepannya,,,,,,,,,,;
825,Salut banget sama PT PPLI yang gerak cepat lakukan investigasi insiden di blok Rokan yang terjadi saat jam istirahat,,,,,,,,,,;
"826,""walaupun itu bukan disaat jam kerja, tetapi PT PPLI tetap cepat melakukan langkah investigasi terhadap kejadian tersebut"",,,,,,,,,,";
827,semoga insiden ini bisa tersolusi dengan cepat ya,,,,,,,,,,;
"828,""namanya musibah tidak ada yang tau kapan terjadi nya,turut berbelasungkawa atas kepergian mereka"",,,,,,,,,,";
